player.id,player.name,season_id,season,games,minutes
2948,Nabil Fekir,90,2020_2021,1,85.7338
2961,Yann Bodiger,90,2020_2021,1,98.60491667
3023,Yuri Berchiche Izeta,90,2020_2021,2,124.9983667
3042,Mikel Merino Zazón,90,2020_2021,2,191.4548167
3093,Florian Grégoire Claude Lejeune,90,2020_2021,2,189.9698333
3163,Mariano Díaz Mejía,90,2020_2021,1,22.42938333
3245,Thomas Lemar,90,2020_2021,2,24.38358333
3246,Guido Marcelo Carrillo,90,2020_2021,1,21.58931667
3265,José Luis Sanmartín Mato,90,2020_2021,2,120.6980333
3308,Kieran Trippier,90,2020_2021,2,194.6848333
3366,Diego Carlos Santos Silva,90,2020_2021,2,141.0566167
3417,Saidy Janko,90,2020_2021,1,66.5687
3437,Francis Joseph Coquelin,90,2020_2021,2,82.11946667
3497,Vicente Iborra De La Fuente,90,2020_2021,1,48.1653
3498,Ignacio Monreal Eraso,90,2020_2021,1,96.08638333
3501,Philippe Coutinho Correia,90,2020_2021,11,671.8519833
3509,Thibaut Courtois,90,2020_2021,2,193.5761167
3515,Alberto Moreno Pérez,90,2020_2021,1,59.82505
3610,Roque Mesa Quevedo,90,2020_2021,2,133.54285
3666,Robert Kenedy Nunes do Nascimento,90,2020_2021,1,27.936
3721,Etienne Capoue,90,2020_2021,1,76.40888333
3804,Ferland Mendy,90,2020_2021,2,193.5761167
3810,Shinji Okazaki,90,2020_2021,1,20.65368333
3991,Allan Romeo Nyom,90,2020_2021,1,97.29926667
4267,Mouctar Diakhaby,90,2020_2021,2,130.8928333
4345,Lucas Ariel Ocampos,90,2020_2021,1,61.27363333
4367,Gonçalo Manuel Ganchinho Guedes,90,2020_2021,2,187.96375
4445,Jules Koundé,90,2020_2021,2,190.0119833
4447,Martin Braithwaite Christensen,90,2020_2021,26,1058.569683
4546,Dimitri Foulquier,90,2020_2021,2,187.6104
4629,José Ramiro Funes Mori,90,2020_2021,1,10.15236667
4691,Claudio Andrés Bravo Muñoz,90,2020_2021,1,98.3483
4926,Francisco Román Alarcón Suárez,90,2020_2021,1,22.16425
5186,Denis Cheryshev,90,2020_2021,1,96.78223333
5198,Diego da Silva Costa,90,2020_2021,1,22.39635
5199,Jorge Resurrección Merodio,90,2020_2021,2,194.6848333
5200,Lucas Vázquez Iglesias,90,2020_2021,2,97.76863333
5201,Sergio Ramos García,90,2020_2021,1,97.09986667
5202,José Ignacio Fernández Iglesias,90,2020_2021,2,138.5888667
5203,Sergio Busquets i Burgos,90,2020_2021,33,2435.57605
5211,Jordi Alba Ramos,90,2020_2021,33,3057.9006
5213,Gerard Piqué Bernabéu,90,2020_2021,18,1569.832183
5214,William Silva de Carvalho,90,2020_2021,1,98.3483
5217,Iago Aspas Juncal,90,2020_2021,2,177.0982333
5246,Luis Alberto Suárez Díaz,90,2020_2021,1,96.40955
5259,José María Giménez de Vargas,90,2020_2021,1,98.27528333
5463,Luka Modrić,90,2020_2021,2,123.0473
5470,Ivan Rakitić,90,2020_2021,2,140.6799833
5477,Ousmane Dembélé,90,2020_2021,27,1646.65615
5485,Raphaël Varane,90,2020_2021,1,97.09986667
5487,Antoine Griezmann,90,2020_2021,33,2467.686833
5492,Samuel Yves Umtiti,90,2020_2021,11,546.4491333
5503,Lionel Andrés Messi Cuccittini,90,2020_2021,35,3214.61605
5523,Renato Fabrizio Tapia Cortijo,90,2020_2021,1,78.31293333
5539,Carlos Henrique Casimiro,90,2020_2021,2,188.85035
5552,Marcelo Vieira da Silva Júnior,90,2020_2021,1,22.16366667
5563,José Andrés Guardado Hernández,90,2020_2021,1,97.66195
5574,Toni Kroos,90,2020_2021,2,171.4118667
5598,Óscar Esau Duarte Gaitán,90,2020_2021,1,60.9456
5633,Yannick Ferreira Carrasco,90,2020_2021,2,190.5032667
5688,Carlos Arturo Bacca Ahumada,90,2020_2021,1,9.687366667
5691,Johan Andrés Mojica Palacio,90,2020_2021,1,93.94706667
5719,Marco Asensio Willemsen,90,2020_2021,2,117.2385167
6297,Maximiliano Gómez González,90,2020_2021,2,194.4164333
6301,Youssef En-Nesyri,90,2020_2021,2,82.76281667
6330,Adnan Januzaj,90,2020_2021,2,91.22065
6376,Stefan Savić,90,2020_2021,2,194.6848333
6377,Ángel Martín Correa,90,2020_2021,2,163.0884
6378,Jan Oblak,90,2020_2021,2,194.6848333
6379,Sergi Roberto Carnicer,90,2020_2021,15,1023.802767
6381,Saúl Ñíguez Esclapez,90,2020_2021,2,181.7320667
6387,Iñigo Córdoba Kerejeta,90,2020_2021,1,46.98356667
6391,Raúl García Escudero,90,2020_2021,2,175.35155
6392,Íñigo Lekue Martínez,90,2020_2021,1,10.90346667
6393,Iñaki Williams Arthuer,90,2020_2021,2,178.33445
6397,Unai Núñez Gestoso,90,2020_2021,1,95.2726
6401,Kevin Gameiro,90,2020_2021,1,15.65681667
6402,Francisco Alcácer García,90,2020_2021,2,105.4771
6564,Pablo Maffeo Becerra,90,2020_2021,1,80.63743333
6565,Pere Pons Riera,90,2020_2021,1,19.54253333
6579,Pedro Alcalá Guirado,90,2020_2021,1,67.89273333
6581,Jonathan Rodríguez Menéndez,90,2020_2021,2,54.29458333
6582,Cristian Portugués Manzanera,90,2020_2021,2,126.0114
6583,Carlos Soler Barragán,90,2020_2021,2,194.4164333
6585,Jeison Fabián Murillo Cerón,90,2020_2021,1,99.32313333
6587,Antonio Latorre Grueso,90,2020_2021,1,63.5236
6589,Geoffrey Kondogbia,90,2020_2021,2,31.59643333
6590,Norberto Murara Neto,90,2020_2021,6,579.91165
6591,Ignacio Vidal Miralles,90,2020_2021,2,189.3031833
6592,Rúben Miguel Nunes Vezo,90,2020_2021,2,190.35075
6594,Santiago Mina Lorenzo,90,2020_2021,2,129.3562167
6595,Daniel Parejo Muñoz,90,2020_2021,2,189.8537167
6596,José Luis Gayà Peña,90,2020_2021,2,194.4164333
6603,Dimitrios Siovas,90,2020_2021,2,188.8337167
6604,Darko Brašanac,90,2020_2021,1,29.90958333
6609,Denis Suárez Fernández,90,2020_2021,2,192.8339333
6611,Ángel Luis Rodríguez Díaz,90,2020_2021,1,63.52403333
6612,Rubén Duarte Sánchez,90,2020_2021,2,189.9698333
6613,Rubén Sobrino Pozuelo,90,2020_2021,1,97.54343333
6615,Víctor Laguardia Cisneros,90,2020_2021,2,142.9862667
6616,Munir El Haddadi Mohamed,90,2020_2021,2,79.77901667
6618,Martín Aguirregabiria Padilla,90,2020_2021,2,103.8014333
6622,Tomás Pina Isla,90,2020_2021,2,147.0667833
6627,Damián Nicolás Suárez Suárez,90,2020_2021,2,191.4287833
6629,Fernando Pacheco Flores,90,2020_2021,2,189.9698333
6630,Jorge Molina Vidal,90,2020_2021,1,34.07358333
6632,Manuel Alejandro García Sánchez,90,2020_2021,1,23.16646667
6634,Djené Dakonam Ortega,90,2020_2021,2,191.4287833
6648,Aïssa Mandi,90,2020_2021,2,157.9065833
6649,Óscar de Marcos Arana,90,2020_2021,2,132.6885333
6651,Joaquín Sánchez Rodríguez,90,2020_2021,1,64.99301667
6656,Mikel Rico Moreno,90,2020_2021,2,161.4037333
6657,Sergio León Limones,90,2020_2021,2,34.22278333
6658,Cristian Tello Herrera,90,2020_2021,2,84.29241667
6663,Antonio Barragán Fernández,90,2020_2021,1,93.94706667
6665,Íñigo Martínez Berridi,90,2020_2021,2,189.2790167
6667,Mikel Vesga Arruti,90,2020_2021,2,94.72981667
6668,José Luis Morales Nogales,90,2020_2021,2,117.9256
6670,Andoni Gorosabel Espinosa,90,2020_2021,2,157.2525167
6672,Jorge Andújar Moreno,90,2020_2021,2,87.03815
6673,Sergio Canales Madrazo,90,2020_2021,2,100.70485
6676,Igor Zubeldia Elorza,90,2020_2021,2,179.6021667
6681,José Manuel Rodríguez Benito,90,2020_2021,1,76.92613333
6682,Sergio Postigo Redondo,90,2020_2021,1,95.62636667
6684,Roger Martí Salvador,90,2020_2021,2,141.9001333
6685,Mikel Oyarzabal Ugarte,90,2020_2021,1,95.36843333
6689,Álvaro Odriozola Arzallus,90,2020_2021,1,53.69486667
6693,Raúl Rodríguez Navas,90,2020_2021,1,95.36925
6695,Juan Miguel Jiménez López,90,2020_2021,1,78.37736667
6699,Ander Capa Rodríguez,90,2020_2021,2,178.37555
6701,Joan Jordán Moreno,90,2020_2021,2,178.6106667
6718,Sergio Escudero Palomo,90,2020_2021,1,94.9309
6721,Willian José da Silva,90,2020_2021,1,96.08638333
6722,David Soria Solís,90,2020_2021,2,191.4287833
6724,Manuel Agudo Durán,90,2020_2021,2,104.66195
6732,Lucas Pérez Martínez,90,2020_2021,1,82.40808333
6733,Pedro Mosquera Parada,90,2020_2021,1,92.27018333
6735,Adrián López Álvarez,90,2020_2021,1,22.85723333
6746,Gabriel Armando de Abreu,90,2020_2021,2,194.4164333
6752,Víctor Ruíz Torre,90,2020_2021,2,131.0024167
6755,Sergio Asenjo Andrés,90,2020_2021,2,189.8537167
6757,Aarón Martín Caricol,90,2020_2021,1,93.5108
6760,Enes Ünal,90,2020_2021,2,57.02221667
6766,Gerard Moreno Balaguero,90,2020_2021,2,180.16635
6771,Manuel Trigueros Muñoz,90,2020_2021,2,112.9827333
6772,Mario Gaspar Pérez Martínez,90,2020_2021,2,100.5818667
6773,Federico Santiago Valverde Dipetta,90,2020_2021,2,133.1550833
6775,Daniel García Carrillo,90,2020_2021,2,122.6760333
6782,Enis Bardhi,90,2020_2021,1,60.55406667
6784,Antonio García Aranda,90,2020_2021,1,94.72438333
6785,Yassine Bounou,90,2020_2021,2,190.0119833
6786,David Timor Copoví,90,2020_2021,1,8.395133333
6787,Pedro López Muñoz,90,2020_2021,1,15.9261
6789,Mikel Balenziaga Oruesagasti,90,2020_2021,1,64.28065
6790,Mario Hermoso Canseco,90,2020_2021,2,194.6848333
6796,Nemanja Radoja,90,2020_2021,1,28.07996667
6797,Daniel Wass,90,2020_2021,2,194.4164333
6799,Brais Méndez Portela,90,2020_2021,1,93.5108
6803,Emre Mor,90,2020_2021,1,63.47771667
6805,Hugo Mallo Novegil,90,2020_2021,1,99.32313333
6807,Roberto Suárez Pier,90,2020_2021,1,94.72438333
6809,Erick Cathriel Cabaco Almada,90,2020_2021,1,97.29926667
6821,Jesús Navas González,90,2020_2021,2,190.0119833
6826,Clément Lenglet,90,2020_2021,32,2548.38265
6830,Facundo Sebastián Roncaglia,90,2020_2021,1,95.36925
6840,Marcos Llorente Moreno,90,2020_2021,2,172.2884833
6842,Iker Muniain Goñi,90,2020_2021,2,189.2790167
6851,Aitor Ruibal García,90,2020_2021,2,101.7505833
6863,Mauro Wilney Arambarri Rosa,90,2020_2021,2,145.3562667
6872,Bruno González Cabrera,90,2020_2021,1,96.01051667
6877,Yeray Álvarez López,90,2020_2021,1,94.00641667
6880,Arnaldo Antonio Sanabria Ayala,90,2020_2021,1,73.93883333
6892,Pau Francisco Torres,90,2020_2021,2,189.8537167
6893,Jesús Vallejo Lázaro,90,2020_2021,1,46.88498333
6898,Jaume Doménech Sánchez,90,2020_2021,1,100.3576833
6901,Nemanja Maksimović,90,2020_2021,2,140.4718333
6906,Jon Bautista Orgilles,90,2020_2021,1,11.82203333
6908,Iván Alejo Peralta,90,2020_2021,2,48.16923333
6923,Joaquín Navarro Jiménez,90,2020_2021,1,40.21698333
6930,Jonathan Calleri,90,2020_2021,1,70.98836667
6935,Adrián Marín Gómez,90,2020_2021,2,42.97075
6947,Miralem Pjanić,90,2020_2021,17,600.2308167
6982,Maxime Gonalons,90,2020_2021,1,34.27538333
7006,Alejandro Darío Gómez,90,2020_2021,1,45.97553333
7022,Jesús Joaquín Fernández Sáez de la Torre,90,2020_2021,2,110.2329667
7030,Raúl Albiol i Tortajada,90,2020_2021,2,173.1929333
7064,Lucas Ariel Boyé,90,2020_2021,1,72.35775
7068,Marc Bartra Aregall,90,2020_2021,1,98.3483
7104,Mathías Olivera Miramontes,90,2020_2021,1,97.29926667
7105,Fabián Ariel Orellana Valenzuela,90,2020_2021,1,36.98348333
7478,Alejandro Berenguer Remiro,90,2020_2021,2,56.59048333
7578,Anthony Rubén Lozano Colón,90,2020_2021,1,36.9691
7897,Miguel Ángel Garrido Cifuentes,90,2020_2021,1,60.29426667
7910,Lorenzo Jesús Morón García,90,2020_2021,2,36.35815
8118,Frenkie de Jong,90,2020_2021,34,3075.177433
8540,Kenan Kodro,90,2020_2021,1,86.60178333
8572,Karim Rekik,90,2020_2021,1,48.95536667
8652,Jasper Cillessen,90,2020_2021,1,94.05875
8654,Ante Budimir,90,2020_2021,2,99.27386667
8819,Alexander Isak,90,2020_2021,2,114.8185
8866,Carlos Fernández Luna,90,2020_2021,2,34.0922
9462,José Ignacio Peleteiro Ramallo,90,2020_2021,1,63.64001667
9857,José Manuel Sánchez Guillén,90,2020_2021,1,93.94706667
10605,Rodrigo Andrés Battaglia,90,2020_2021,2,189.9698333
10709,Modibo Sagnan,90,2020_2021,2,21.82768333
11167,Felipe Augusto de Almeida Monteiro,90,2020_2021,2,100.5911167
11291,Laureano Antonio Villa Suárez,90,2020_2021,1,48.98276667
11296,Óscar Plano Pedreño,90,2020_2021,2,137.5377667
11298,José Ignacio Martínez García,90,2020_2021,2,190.9416
11300,Rubén Alcaraz Jiménez,90,2020_2021,2,190.9416
11301,Miguel Alfonso Herrero Javaloyas,90,2020_2021,1,57.39875
11302,Jordi Masip López,90,2020_2021,2,190.9416
11388,Néstor Alejandro Araújo Razo,90,2020_2021,2,161.1513
11389,Francisco José Beltrán Peinado,90,2020_2021,2,113.4651167
11391,Borja Iglesias Quintas,90,2020_2021,1,85.71326667
11501,Darwin Daniel Machís Marcano,90,2020_2021,2,140.0641667
11538,Alejandro Moreno Lopera,90,2020_2021,2,196.01025
11550,Jaime Mata Arnaiz,90,2020_2021,1,70.88253333
11669,Gonzalo Julián Melero Manzanares,90,2020_2021,2,176.0286667
11670,David Ferreiro Quiroga,90,2020_2021,2,100.9403833
11671,Juan Camilo Hernández Suárez,90,2020_2021,1,88.90413333
11675,Moisés Gómez Bordonado,90,2020_2021,2,113.4448333
11676,Jorge Miramón Santagertrudis,90,2020_2021,2,103.3126
11677,Jorge Pulido Mayoral,90,2020_2021,2,168.1795167
11748,Unai Simón Mendibil,90,2020_2021,2,189.2790167
12021,Óliver Torres Muñoz,90,2020_2021,2,43.05728333
12041,João Félix Sequeira,90,2020_2021,2,112.3753
12072,Pere Milla Peña,90,2020_2021,1,72.57906667
12073,Pablo Hervías Ruiz,90,2020_2021,2,124.3729
12419,Lucas Torró Marset,90,2020_2021,1,84.24798333
13599,Carles Aleña Castillo,90,2020_2021,3,101.3428167
13620,Éder Gabriel Militão,90,2020_2021,1,96.47625
15880,Emiliano Ariel Rigoni,90,2020_2021,1,60.38968333
16003,Fernando Francisco Reges,90,2020_2021,2,190.0119833
16212,Óscar Rodríguez Arnaiz,90,2020_2021,1,31.67148333
16249,Yangel Clemente Herrera Ravelo,90,2020_2021,2,162.5095833
16298,Denis Vavro,90,2020_2021,1,15.96478333
16309,Joel Robles Blázquez,90,2020_2021,1,97.66195
16335,Samuel Chimerenka Chukwueze,90,2020_2021,2,163.25285
16489,Nemanja Gudelj,90,2020_2021,1,17.66051667
16555,Joseph Aidoo,90,2020_2021,1,49.20123333
17027,Sergio Guardiola Navarro,90,2020_2021,2,94.0624
17303,Nikola Vukčević,90,2020_2021,1,67.5464
17304,Héctor Junior Firpo Adames,90,2020_2021,5,166.5026333
17620,Marc Cucurella Saseta,90,2020_2021,2,143.3717833
18395,Vinícius José Paixão de Oliveira Júnior,90,2020_2021,2,171.41245
18783,Omenuke Mfulu,90,2020_2021,1,81.17415
19597,Marcos Javier Acuña,90,2020_2021,1,95.08108333
19668,Augusto Matías Fernández,90,2020_2021,1,16.17915
19677,Karim Benzema,90,2020_2021,2,171.1467333
20033,Luuk de Jong,90,2020_2021,2,146.9932667
20055,Marc-André ter Stegen,90,2020_2021,29,2770.743133
20063,Javier Ontiveros Parra,90,2020_2021,2,108.1616833
20542,Álvaro Negredo Sánchez,90,2020_2021,2,94.64191667
21081,Juan Marcos Foyth,90,2020_2021,1,95.78026667
21225,Javier Sánchez de Felipe,90,2020_2021,2,175.12885
21399,Pablo Ínsua Blanco,90,2020_2021,2,172.8689333
21881,Sergino Dest,90,2020_2021,28,1880.064833
22020,Joaquín Fernández Moreno,90,2020_2021,1,94.93108333
22029,Kevin Vázquez Comesaña,90,2020_2021,1,93.5108
22107,Thierry Rendall Correia,90,2020_2021,1,94.05875
22128,Robin Aime Robert Le Normand,90,2020_2021,2,181.4797833
22199,Sergio Gómez Martín,90,2020_2021,2,105.5644333
22321,Ander Barrenetxea Muguruza,90,2020_2021,2,73.23935
22390,Francisco António Machado Mota de Castro Trincão,90,2020_2021,25,710.2729
22740,Kang-In Lee,90,2020_2021,1,3.57545
23211,Víctor Mollejo Carpintero,90,2020_2021,1,2.89995
23212,Martín Merquelanz Castellanos,90,2020_2021,1,95.36843333
23213,Enric Gallego Puigsech,90,2020_2021,2,28.7089
23307,Idrissa Doumbia,90,2020_2021,2,90.32046667
23322,Javier Galán Gil,90,2020_2021,2,188.8337167
23344,Aitor Fernández Abarisketa,90,2020_2021,2,190.35075
23522,Emerson Aparecido Leite de Souza Junior,90,2020_2021,2,196.01025
23627,João Pedro Neves Filipe,90,2020_2021,1,57.9476
23807,Domingos Sousa Coutinho Meneses Duarte,90,2020_2021,1,92.95638333
23811,Alberto Perea Correoso,90,2020_2021,2,161.4282167
23812,Rafael Mir Vicente,90,2020_2021,2,188.8337167
23825,Fidel Chaves de la Torre,90,2020_2021,1,33.6528
23934,Rafael Jiménez Jarque,90,2020_2021,2,196.14835
23943,Rubén García Santos,90,2020_2021,2,147.4066667
23944,Oier Sanjurjo Mate,90,2020_2021,2,75.11671667
23945,Iñigo Pérez Soto,90,2020_2021,1,65.45966667
23947,Roberto Torres Morales,90,2020_2021,2,114.2044667
23948,Carlos Clerc Martínez,90,2020_2021,1,95.62636667
23949,Unai García Lugea,90,2020_2021,1,95.36925
23950,David García Zubiría,90,2020_2021,1,93.93393333
23966,Mickaël Malsa,90,2020_2021,2,129.40515
23967,Alejandro Fernández Iglesias,90,2020_2021,2,135.8617
23970,José María Martín-Bejarano Serrano,90,2020_2021,1,37.27105
23971,Jairo Izquierdo González,90,2020_2021,2,144.2310333
23973,Salvador Sánchez Ponce,90,2020_2021,1,64.03473333
23978,Manuel Javier Vallejo Galván,90,2020_2021,1,6.452683333
24037,Alberto Soro Álvarez,90,2020_2021,1,25.10081667
24049,Luis Jesús Rioja González,90,2020_2021,2,119.8198
24052,Yan Brice Eteki,90,2020_2021,2,153.3350167
24053,Álvaro Giménez Candela,90,2020_2021,1,64.53733333
24055,Juan Carlos Real Ruiz,90,2020_2021,1,20.6542
24085,Pervis Josué Estupiñán Tenorio,90,2020_2021,2,130.0286667
24093,Luis Javier Suárez Charris,90,2020_2021,2,132.4377667
24126,José Antonio Rodríguez Díaz,90,2020_2021,1,92.95638333
24133,Víctor David Díaz Miguel,90,2020_2021,1,94.65401667
24134,Germán Sánchez Barahona,90,2020_2021,2,187.6104
24136,Federico Vico Villegas,90,2020_2021,1,9.101233333
24138,Joaquín José Marín Ruiz,90,2020_2021,1,94.65401667
24140,Rui Tiago Dantas da Silva,90,2020_2021,1,92.95638333
24144,Ángel Montoro Sánchez,90,2020_2021,1,46.0714
24165,Edgar Badía Guardiola,90,2020_2021,1,93.94706667
24166,Juan Francisco Martínez Modesto,90,2020_2021,1,21.368
24169,Gonzalo Cacicedo Verdú,90,2020_2021,1,93.94706667
24172,Álvaro Juan Cruz Armada,90,2020_2021,1,72.85315
24211,Sergio Herrera Pirón,90,2020_2021,2,189.3031833
24212,Aridane Hernández Umpiérrez,90,2020_2021,1,93.93393333
24236,Ander Guevara Lajo,90,2020_2021,2,152.3701
24251,José Antonio Morente Oliva,90,2020_2021,1,33.55738333
24267,Uroš Račić,90,2020_2021,2,178.7896
24272,Luis Milla Manzanares,90,2020_2021,1,46.88498333
24315,Enrique Barja Afonso,90,2020_2021,2,81.19473333
24322,Isaac Carcelén Valencia,90,2020_2021,2,196.14835
24517,José Raúl Gutiérrez Parejo,90,2020_2021,1,93.94706667
24593,Marcos Mauro López Gutiérrez,90,2020_2021,2,128.2556167
24616,Luis Alfonso Espino García,90,2020_2021,2,196.14835
24681,Daniel Escriche Romero,90,2020_2021,1,62.6156
24712,Jon Ander Garrido Moracia,90,2020_2021,1,60.27238333
24730,Lucas René Olaza Catrofe,90,2020_2021,2,195.33365
24777,Waldo Rubio Martín,90,2020_2021,1,9.408733333
24841,Ricard Puig Martí,90,2020_2021,11,291.3879833
24921,Martín Zubimendi Ibáñez,90,2020_2021,2,168.7253667
25005,Alejandro Blanco Sánchez,90,2020_2021,1,58.25918333
25104,Rodrygo Silva de Goes,90,2020_2021,1,13.71133333
25134,Deyverson Brum Silva Acosta,90,2020_2021,2,69.2718
25598,Álvaro Fernández Llorente,90,2020_2021,2,188.8337167
25702,Carlos Neva Tey,90,2020_2021,1,46.0714
25704,Aarón Escandell Banacloche,90,2020_2021,1,94.65401667
26009,Roberto Soldado Rillo,90,2020_2021,2,106.6518333
26387,Edgar Antonio Méndez Ortega,90,2020_2021,2,151.67655
26404,Guido Rodríguez,90,2020_2021,2,117.6403
28658,Augusto Jorge Mateo Solari,90,2020_2021,1,24.89475
29198,Jeremías Ledesma,90,2020_2021,2,196.14835
29310,Shon Zalman Weissman,90,2020_2021,1,94.93108333
30081,Nehuén Pérez,90,2020_2021,1,94.65401667
30277,Jon Moncayola Tollar,90,2020_2021,2,189.3031833
30370,Jens Jønsson,90,2020_2021,2,102.4400667
30419,Alberto Rodríguez Baró,90,2020_2021,1,92.93498333
30483,Jaime Seoane Valenciano,90,2020_2021,2,105.6748833
30486,Pedro González López,90,2020_2021,35,2347.072117
30492,Francisco Javier Hidalgo Gómez,90,2020_2021,1,14.29361667
30593,Daniel Gómez Alcón,90,2020_2021,2,129.7966833
30756,Anssumane Fati,90,2020_2021,7,452.5581
30760,Borja Sainz Eguskiza,90,2020_2021,1,10.5269
31090,Takefusa Kubo,90,2020_2021,2,114.0299667
31235,Marcos André de Sousa Mendonça,90,2020_2021,2,63.70918333
31779,Tomas Franco Tavares,90,2020_2021,1,38.29328333
31914,Omobolaji Habeeb Adekanye,90,2020_2021,1,14.70583333
31931,Christian Gabriel Oliva Giménez,90,2020_2021,1,15.62683333
32185,Alejandro Remiro Gargallo,90,2020_2021,2,191.4548167
32480,Ronald Federico Araújo da Silva,90,2020_2021,21,1331.474133
32673,Jorge De Frutos Sebastián,90,2020_2021,2,176.0571333
32953,Asier Villalibre Molina,90,2020_2021,1,10.94456667
33339,Manuel Sánchez De La Peña,90,2020_2021,1,93.93393333
34323,Luis Miguel Sánchez Benítez,90,2020_2021,1,12.77291667
35000,José Manuel Fontán Mondragón,90,2020_2021,1,31.68263333
35287,Sofian Chakla,90,2020_2021,1,94.12951667
35473,Unai Vencedor Paris,90,2020_2021,2,161.1521833
35641,Hugo Guillamón Sanmartín,90,2020_2021,1,78.40193333
38792,Yunus Dimoara Musah,90,2020_2021,1,42.0985
39073,Moriba Kourouma Kourouma,90,2020_2021,13,530.46095
39598,Miguel Baeza Pérez,90,2020_2021,2,65.8576
40881,Enrique Pérez Muñoz,90,2020_2021,1,37.83655
40890,Iván Villar Martínez,90,2020_2021,2,192.8339333
41083,Rodrigo Sánchez Rodriguez,90,2020_2021,2,38.83825
41107,Sabit Abdulai,90,2020_2021,1,48.057
41202,Giorgi Kochorashvili,90,2020_2021,1,5.3487
42282,Paul Edgar Akouokou,90,2020_2021,1,78.36995
43728,Óscar Mingueza García,90,2020_2021,24,1778.864883
47226,Jon Morcillo Conesa,90,2020_2021,1,13.92746667
47375,Robert Navarro Muñoz,90,2020_2021,1,39.08471667
47447,Gabriel Veiga Novas,90,2020_2021,1,63.27723333
50494,Yeremi Jesús Pino Santos,90,2020_2021,1,6.700416667
71519,Juan Antonio Iglesias Sánchez,90,2020_2021,1,94.12951667
75546,Carlos Domínguez Cáceres,90,2020_2021,1,93.5108
79498,Amankwaa Akurugu,90,2020_2021,1,48.057
105762,José Antonio Miranda Boacho,90,2020_2021,1,17.20338333
117025,Hugo Sotelo,90,2020_2021,1,1.055883333
2948,Nabil Fekir,42,2019_2020,1,78.6932
3042,Mikel Merino Zazón,42,2019_2020,2,191.1548
3058,Javier Hernández Balcázar,42,2019_2020,1,28.59345
3122,Yannis Salibur,42,2019_2020,1,11.15063333
3139,Chidozie Collins Awaziem,42,2019_2020,1,99.39271667
3141,André-Frank Zambo Anguissa,42,2019_2020,2,191.5032167
3163,Mariano Díaz Mejía,42,2019_2020,1,2.095883333
3236,Sergi Darder Moll,42,2019_2020,2,126.2365833
3245,Thomas Lemar,42,2019_2020,2,30.71108333
3246,Guido Marcelo Carrillo,42,2019_2020,2,37.32968333
3265,José Luis Sanmartín Mato,42,2019_2020,2,120.0582
3308,Kieran Trippier,42,2019_2020,1,94.16191667
3366,Diego Carlos Santos Silva,42,2019_2020,2,194.5592167
3437,Francis Joseph Coquelin,42,2019_2020,1,96.11088333
3477,Álvaro Borja Morata Martín,42,2019_2020,2,111.4957833
3497,Vicente Iborra De La Fuente,42,2019_2020,2,141.2930167
3498,Ignacio Monreal Eraso,42,2019_2020,2,191.1548
3508,Sandro Ramírez Castillo,42,2019_2020,1,33.75171667
3509,Thibaut Courtois,42,2019_2020,2,188.8112167
3513,Oliver Burke,42,2019_2020,2,55.2682
3515,Alberto Moreno Pérez,42,2019_2020,1,98.27228333
3551,Karl Brillant Toko Ekambi,42,2019_2020,1,36.79366667
3610,Roque Mesa Quevedo,42,2019_2020,2,131.2429833
3666,Robert Kenedy Nunes do Nascimento,42,2019_2020,1,42.05191667
3804,Ferland Mendy,42,2019_2020,1,95.63758333
3991,Allan Romeo Nyom,42,2019_2020,1,97.32398333
4345,Lucas Ariel Ocampos,42,2019_2020,2,182.5920333
4445,Jules Koundé,42,2019_2020,1,100.2473167
4447,Martin Braithwaite Christensen,42,2019_2020,12,550.2927833
4546,Dimitri Foulquier,42,2019_2020,1,93.06861667
4558,Pape Cheikh Diop Gueye,42,2019_2020,1,82.6803
4926,Francisco Román Alarcón Suárez,42,2019_2020,2,158.4999667
5194,Fyodor Smolov,42,2019_2020,1,62.35711667
5198,Diego da Silva Costa,42,2019_2020,1,80.82533333
5199,Jorge Resurrección Merodio,42,2019_2020,1,94.16191667
5200,Lucas Vázquez Iglesias,42,2019_2020,1,7.48645
5201,Sergio Ramos García,42,2019_2020,2,188.8112167
5203,Sergio Busquets i Burgos,42,2019_2020,29,2274.918917
5211,Jordi Alba Ramos,42,2019_2020,23,1954.068683
5213,Gerard Piqué Bernabéu,42,2019_2020,30,2812.08985
5214,William Silva de Carvalho,42,2019_2020,1,72.2912
5217,Iago Aspas Juncal,42,2019_2020,2,191.6026333
5246,Luis Alberto Suárez Díaz,42,2019_2020,25,1949.66645
5259,José María Giménez de Vargas,42,2019_2020,1,98.1592
5463,Luka Modrić,42,2019_2020,2,30.16906667
5466,Oghenekaro Etebo,42,2019_2020,1,70.61413333
5470,Ivan Rakitić,42,2019_2020,28,1618.746183
5477,Ousmane Dembélé,42,2019_2020,4,277.55045
5485,Raphaël Varane,42,2019_2020,2,188.8112167
5487,Antoine Griezmann,42,2019_2020,30,2218.819033
5492,Samuel Yves Umtiti,42,2019_2020,13,1011.849083
5503,Lionel Andrés Messi Cuccittini,42,2019_2020,33,3074.623883
5504,Éver Maximiliano David Banega,42,2019_2020,2,144.9990667
5516,Pione Sisto Ifolo Emirmija,42,2019_2020,1,65.97093333
5539,Carlos Henrique Casimiro,42,2019_2020,2,188.8112167
5552,Marcelo Vieira da Silva Júnior,42,2019_2020,1,93.17363333
5574,Toni Kroos,42,2019_2020,2,188.8112167
5575,Héctor Miguel Herrera López,42,2019_2020,1,87.22403333
5633,Yannick Ferreira Carrasco,42,2019_2020,1,88.46623333
5674,Moussa Wagué,42,2019_2020,1,94.3454
5687,Takashi Inui,42,2019_2020,2,87.57266667
5688,Carlos Arturo Bacca Ahumada,42,2019_2020,2,79.1812
5696,Santiago Arias Naranjo,42,2019_2020,1,98.1592
5718,Rodrigo Moreno Machado,42,2019_2020,1,35.19943333
5721,Daniel Carvajal Ramos,42,2019_2020,2,188.8112167
5830,Kenneth Josiah Omeruo,42,2019_2020,1,82.99613333
6297,Maximiliano Gómez González,42,2019_2020,1,81.26548333
6301,Youssef En-Nesyri,42,2019_2020,2,121.9686167
6310,Filip Bradarić,42,2019_2020,1,36.26853333
6330,Adnan Januzaj,42,2019_2020,1,34.85103333
6374,Nélson Cabral Semedo,42,2019_2020,27,1897.928817
6377,Ángel Martín Correa,42,2019_2020,2,161.78895
6378,Jan Oblak,42,2019_2020,2,192.3211167
6379,Sergi Roberto Carnicer,42,2019_2020,26,2128.459967
6381,Saúl Ñíguez Esclapez,42,2019_2020,2,192.3211167
6383,Thomas Teye Partey,42,2019_2020,2,192.3211167
6387,Iñigo Córdoba Kerejeta,42,2019_2020,1,59.06986667
6388,Ander Iturraspe Derteano,42,2019_2020,1,28.1245
6391,Raúl García Escudero,42,2019_2020,1,17.48391667
6392,Íñigo Lekue Martínez,42,2019_2020,1,71.11091667
6393,Iñaki Williams Arthuer,42,2019_2020,1,71.12965
6397,Unai Núñez Gestoso,42,2019_2020,1,97.56188333
6399,Gareth Frank Bale,42,2019_2020,1,95.63758333
6400,Aleix Vidal Parreu,42,2019_2020,1,87.32963333
6401,Kevin Gameiro,42,2019_2020,1,60.91145
6402,Francisco Alcácer García,42,2019_2020,1,35.49756667
6565,Pere Pons Riera,42,2019_2020,2,144.68905
6569,Roberto José Rosales Altuve,42,2019_2020,1,94.3454
6571,Roberto Jiménez Gago,42,2019_2020,1,96.09611667
6573,Bernardo José Espinosa Zúñiga,42,2019_2020,2,194.5746333
6580,José Luis García del Pozo,42,2019_2020,1,87.84341667
6582,Cristian Portugués Manzanera,42,2019_2020,2,156.3037667
6583,Carlos Soler Barragán,42,2019_2020,1,91.11565
6585,Jeison Fabián Murillo Cerón,42,2019_2020,1,23.03425
6587,Antonio Latorre Grueso,42,2019_2020,1,5.8373
6589,Geoffrey Kondogbia,42,2019_2020,1,96.11088333
6590,Norberto Murara Neto,42,2019_2020,2,191.9135167
6591,Ignacio Vidal Miralles,42,2019_2020,1,103.3610833
6592,Rúben Miguel Nunes Vezo,42,2019_2020,2,190.2601167
6594,Santiago Mina Lorenzo,42,2019_2020,1,15.09076667
6596,José Luis Gayà Peña,42,2019_2020,1,96.11088333
6598,Unai Bustinza Martínez,42,2019_2020,2,193.7381167
6599,Rubén Salvador Pérez Del Mármol,42,2019_2020,2,193.7381167
6601,Raúl García Carnero,42,2019_2020,1,24.36258333
6602,Miguel Ángel Guerrero Martín,42,2019_2020,1,73.27581667
6603,Dimitrios Siovas,42,2019_2020,1,94.3454
6604,Darko Brašanac,42,2019_2020,1,51.2223
6605,Joseba Zaldúa Bengoetxea,42,2019_2020,1,94.09736667
6606,Javier Eraso Goñi,42,2019_2020,2,98.8251
6609,Denis Suárez Fernández,42,2019_2020,2,113.7532833
6610,Iván Cuéllar Sacristán,42,2019_2020,2,193.7381167
6611,Ángel Luis Rodríguez Díaz,42,2019_2020,1,42.25511667
6612,Rubén Duarte Sánchez,42,2019_2020,1,95.59505
6613,Rubén Sobrino Pozuelo,42,2019_2020,1,4.995233333
6615,Víctor Laguardia Cisneros,42,2019_2020,1,47.00345
6616,Munir El Haddadi Mohamed,42,2019_2020,2,111.8061167
6618,Martín Aguirregabiria Padilla,42,2019_2020,2,191.6911667
6621,Amath Ndiaye,42,2019_2020,1,26.70985
6626,Mubarak Wakaso,42,2019_2020,1,71.63296667
6629,Fernando Pacheco Flores,42,2019_2020,1,95.59505
6630,Jorge Molina Vidal,42,2019_2020,1,55.06886667
6632,Manuel Alejandro García Sánchez,42,2019_2020,2,155.8268
6634,Djené Dakonam Ortega,42,2019_2020,1,97.32398333
6635,Leandro Daniel Cabrera Sasía,42,2019_2020,1,98.75723333
6636,Rodrigo Ely,42,2019_2020,1,95.59505
6648,Aïssa Mandi,42,2019_2020,1,97.18021667
6649,Óscar de Marcos Arana,42,2019_2020,1,97.56188333
6651,Joaquín Sánchez Rodríguez,42,2019_2020,1,24.88901667
6658,Cristian Tello Herrera,42,2019_2020,1,8.45555
6659,Víctor Camarasa Ferrando,42,2019_2020,1,66.48816667
6667,Mikel Vesga Arruti,42,2019_2020,1,97.56188333
6668,José Luis Morales Nogales,42,2019_2020,2,143.1735333
6670,Andoni Gorosabel Espinosa,42,2019_2020,1,97.05743333
6673,Sergio Canales Madrazo,42,2019_2020,1,97.18021667
6676,Igor Zubeldia Elorza,42,2019_2020,2,120.52275
6680,Rubén Rochina Naixes,42,2019_2020,2,126.8471167
6682,Sergio Postigo Redondo,42,2019_2020,2,190.2601167
6684,Roger Martí Salvador,42,2019_2020,1,94.2392
6685,Mikel Oyarzabal Ugarte,42,2019_2020,2,124.3508333
6688,José Ángel Gómez Campaña,42,2019_2020,2,183.2689667
6693,Raúl Rodríguez Navas,42,2019_2020,1,103.3610833
6698,Marko Dmitrović,42,2019_2020,2,185.2961
6699,Ander Capa Rodríguez,42,2019_2020,1,26.45096667
6700,Sergio Enrich Ametller,42,2019_2020,2,136.5404167
6701,Joan Jordán Moreno,42,2019_2020,2,121.0043833
6705,José Ángel Valdés Díaz,42,2019_2020,2,185.2961
6707,Charles Días Barbosa de Oliveira,42,2019_2020,1,78.79025
6708,Paulo André Rodrigues de Oliveira,42,2019_2020,1,93.15515
6709,Anaitz Arbilla Zabala,42,2019_2020,2,185.2961
6710,Rubén Peña Jiménez,42,2019_2020,1,93.23093333
6711,Enrique García Martínez,42,2019_2020,1,14.3649
6712,Gonzalo Escalante,42,2019_2020,1,92.14095
6713,Diego Javier Llorente Ríos,42,2019_2020,2,164.7294167
6719,Franco Damián Vázquez,42,2019_2020,1,11.96718333
6721,Willian José da Silva,42,2019_2020,2,43.63895
6722,David Soria Solís,42,2019_2020,1,97.32398333
6724,Manuel Agudo Durán,42,2019_2020,2,81.23743333
6732,Lucas Pérez Martínez,42,2019_2020,2,142.5971667
6735,Adrián López Álvarez,42,2019_2020,1,75.96863333
6746,Gabriel Armando de Abreu,42,2019_2020,1,96.11088333
6748,Ferrán Torres García,42,2019_2020,1,96.11088333
6754,David López Silva,42,2019_2020,2,166.4501333
6755,Sergio Asenjo Andrés,42,2019_2020,2,191.5032167
6760,Enes Ünal,42,2019_2020,2,75.6855
6766,Gerard Moreno Balaguero,42,2019_2020,2,115.4053667
6768,Diego López Rodríguez,42,2019_2020,2,194.5746333
6769,Edinaldo Gomes Pereira,42,2019_2020,1,95.8174
6771,Manuel Trigueros Muñoz,42,2019_2020,1,40.09521667
6772,Mario Gaspar Pérez Martínez,42,2019_2020,1,98.27228333
6773,Federico Santiago Valverde Dipetta,42,2019_2020,2,165.7840667
6775,Daniel García Carrillo,42,2019_2020,1,38.54706667
6776,David Juncà Reñé,42,2019_2020,1,94.0457
6782,Enis Bardhi,42,2019_2020,2,80.25481667
6784,Antonio García Aranda,42,2019_2020,1,94.2392
6788,Xabier Etxeita Gorritxategi,42,2019_2020,1,97.32398333
6789,Mikel Balenziaga Oruesagasti,42,2019_2020,1,97.56188333
6790,Mario Hermoso Canseco,42,2019_2020,1,94.16191667
6791,Javier López Rodríguez,42,2019_2020,1,95.8174
6795,Rubén Blanco Veiga,42,2019_2020,2,191.6026333
6796,Nemanja Radoja,42,2019_2020,1,96.02091667
6797,Daniel Wass,42,2019_2020,1,96.11088333
6798,Stanislav Lobotka,42,2019_2020,1,77.84935
6799,Brais Méndez Portela,42,2019_2020,2,89.36316667
6805,Hugo Mallo Novegil,42,2019_2020,1,94.0457
6809,Erick Cathriel Cabaco Almada,42,2019_2020,1,6.99115
6810,José Manuel Arnáiz Díaz,42,2019_2020,1,76.34813333
6821,Jesús Navas González,42,2019_2020,2,194.5592167
6825,Daniel Filipe Martins Carriço,42,2019_2020,1,94.3119
6826,Clément Lenglet,42,2019_2020,23,2119.621417
6828,Jaume Vicent Costa Jordá,42,2019_2020,1,14.8454
6840,Marcos Llorente Moreno,42,2019_2020,1,72.72256667
6841,Víctor Machín Pérez,42,2019_2020,2,37.66863333
6842,Iker Muniain Goñi,42,2019_2020,1,38.49201667
6851,Aitor Ruibal García,42,2019_2020,1,99.39271667
6863,Mauro Wilney Arambarri Rosa,42,2019_2020,1,97.32398333
6866,Marc Roca Junqué,42,2019_2020,2,183.8852167
6867,Papa Kouly Diop,42,2019_2020,2,185.2961
6877,Yeray Álvarez López,42,2019_2020,1,97.56188333
6885,Kévin Manuel Rodrigues,42,2019_2020,1,26.23025
6886,Dídac Vilá Rosselló,42,2019_2020,2,194.5746333
6891,Ezequiel Marcelo Garay,42,2019_2020,1,96.11088333
6892,Pau Francisco Torres,42,2019_2020,2,191.5032167
6898,Jaume Doménech Sánchez,42,2019_2020,1,96.11088333
6901,Nemanja Maksimović,42,2019_2020,1,97.32398333
6902,Óscar Melendo Jiménez,42,2019_2020,1,74.56088333
6907,Pedro León Sánchez Gil,42,2019_2020,1,62.6994
6910,Eduardo Expósito Jaén,42,2019_2020,2,113.1866333
6923,Joaquín Navarro Jiménez,42,2019_2020,1,95.59505
6930,Jonathan Calleri,42,2019_2020,1,95.8174
6935,Adrián Marín Gómez,42,2019_2020,1,96.09611667
6982,Maxime Gonalons,42,2019_2020,2,103.5186333
6998,Rafael Alcântara do Nascimento,42,2019_2020,1,36.07643333
7022,Jesús Joaquín Fernández Sáez de la Torre,42,2019_2020,1,36.71548333
7030,Raúl Albiol i Tortajada,42,2019_2020,2,191.5032167
7068,Marc Bartra Aregall,42,2019_2020,1,97.18021667
7104,Mathías Olivera Miramontes,42,2019_2020,1,55.27206667
7105,Fabián Ariel Orellana Valenzuela,42,2019_2020,2,185.2961
7154,Sebastián Carlos Cristóforo Pepe,42,2019_2020,1,9.410066667
7910,Lorenzo Jesús Morón García,42,2019_2020,1,32.87073333
8118,Frenkie de Jong,42,2019_2020,24,1787.28835
8206,Arturo Erasmo Vidal Pardo,42,2019_2020,30,1756.621383
8252,Martin Ødegaard,42,2019_2020,2,191.1548
8555,Pablo Ezequiel De Blasis,42,2019_2020,2,119.9797833
8654,Ante Budimir,42,2019_2020,2,173.03035
8819,Alexander Isak,42,2019_2020,2,147.51585
8866,Carlos Fernández Luna,42,2019_2020,2,129.3415667
10318,Ljubomir Fejsa,42,2019_2020,1,35.86436667
11167,Felipe Augusto de Almeida Monteiro,42,2019_2020,2,192.3211167
11292,Pedro Antonio Porro Sauceda,42,2019_2020,1,93.04065
11293,Fernando Calero Villa,42,2019_2020,1,68.33805
11296,Óscar Plano Pedreño,42,2019_2020,2,150.17345
11297,Javier Moyano Lujano,42,2019_2020,1,98.35588333
11298,José Ignacio Martínez García,42,2019_2020,2,106.0463667
11300,Rubén Alcaraz Jiménez,42,2019_2020,1,48.90251667
11301,Miguel Alfonso Herrero Javaloyas,42,2019_2020,1,93.04065
11302,Jordi Masip López,42,2019_2020,2,191.3965333
11303,Anuar Mohamed Tuhami,42,2019_2020,1,53.71841667
11304,Francisco José Olivas Alba,42,2019_2020,2,191.3965333
11332,Ibrahim Amadou,42,2019_2020,1,33.88023333
11386,Santiago Cazorla González,42,2019_2020,2,135.0015167
11388,Néstor Alejandro Araújo Razo,42,2019_2020,2,168.5683833
11389,Francisco José Beltrán Peinado,42,2019_2020,1,94.0457
11391,Borja Iglesias Quintas,42,2019_2020,1,64.30948333
11392,Arthur Henrique Ramos de Oliveira Melo,42,2019_2020,18,1035.746867
11501,Darwin Daniel Machís Marcano,42,2019_2020,2,158.9795333
11532,Jean-Clair Todibo,42,2019_2020,1,73.83773333
11538,Alejandro Moreno Lopera,42,2019_2020,1,97.18021667
11539,Adrián Embarba Blázquez,42,2019_2020,1,76.89706667
11541,Tomáš Vaclík,42,2019_2020,2,194.5592167
11550,Jaime Mata Arnaiz,42,2019_2020,1,97.32398333
11669,Gonzalo Julián Melero Manzanares,42,2019_2020,2,154.9699
11671,Juan Camilo Hernández Suárez,42,2019_2020,2,83.91475
11675,Moisés Gómez Bordonado,42,2019_2020,2,76.09785
11676,Jorge Miramón Santagertrudis,42,2019_2020,2,190.2601167
11730,Jonathan Cristian Silva,42,2019_2020,2,167.5078667
11746,Unai López Cabrera,42,2019_2020,1,59.01481667
11748,Unai Simón Mendibil,42,2019_2020,1,97.56188333
12020,Hernâni Jorge Santos Fortes,42,2019_2020,1,35.29021667
12021,Óliver Torres Muñoz,42,2019_2020,2,95.59776667
12041,João Félix Sequeira,42,2019_2020,2,91.44396667
12073,Pablo Hervías Ruiz,42,2019_2020,2,88.77493333
12555,Okay Yokuşlu,42,2019_2020,1,61.4805
13107,Sergio Álvarez Díaz,42,2019_2020,1,93.15515
13599,Carles Aleña Castillo,42,2019_2020,4,234.74635
16003,Fernando Francisco Reges,42,2019_2020,2,194.5592167
16024,Roger Claver Assalé Djapone,42,2019_2020,1,51.28235
16209,Raúl de Tomás Gómez,42,2019_2020,1,98.75723333
16212,Óscar Rodríguez Arnaiz,42,2019_2020,1,61.03278333
16249,Yangel Clemente Herrera Ravelo,42,2019_2020,2,124.6798667
16309,Joel Robles Blázquez,42,2019_2020,1,97.18021667
16335,Samuel Chimerenka Chukwueze,42,2019_2020,2,191.5032167
16489,Nemanja Gudelj,42,2019_2020,1,27.51721667
16555,Joseph Aidoo,42,2019_2020,2,191.6026333
17027,Sergio Guardiola Navarro,42,2019_2020,2,157.6448167
17303,Nikola Vukčević,42,2019_2020,2,89.5825
17304,Héctor Junior Firpo Adames,42,2019_2020,15,986.38605
17520,Federico Barba,42,2019_2020,1,93.04065
17620,Marc Cucurella Saseta,42,2019_2020,1,97.32398333
17818,Rodrigo Tarín Higón,42,2019_2020,2,110.7419833
18395,Vinícius José Paixão de Oliveira Júnior,42,2019_2020,1,93.17363333
18620,Sergio Reguilón Rodríguez,42,2019_2020,2,194.5592167
19677,Karim Benzema,42,2019_2020,2,186.7153333
20033,Luuk de Jong,42,2019_2020,2,138.34255
20055,Marc-André ter Stegen,42,2019_2020,31,2980.272983
20063,Javier Ontiveros Parra,42,2019_2020,1,56.43726667
21147,Borja Mayoral Moya,42,2019_2020,2,130.9223833
21225,Javier Sánchez de Felipe,42,2019_2020,1,98.35588333
22020,Joaquín Fernández Moreno,42,2019_2020,2,141.9438333
22029,Kevin Vázquez Comesaña,42,2019_2020,1,97.55693333
22128,Robin Aime Robert Le Normand,42,2019_2020,1,97.05743333
22321,Ander Barrenetxea Muguruza,42,2019_2020,2,66.80396667
22418,Bryan Gil Salvatierra,42,2019_2020,1,11.5493
22819,Bruno Soriano Llido,42,2019_2020,1,50.2102
23213,Enric Gallego Puigsech,42,2019_2020,1,27.01295
23263,Lisandro Magallán,42,2019_2020,1,96.09611667
23343,Lei Wu,42,2019_2020,2,31.94593333
23344,Aitor Fernández Abarisketa,42,2019_2020,2,190.2601167
23522,Emerson Aparecido Leite de Souza Junior,42,2019_2020,1,97.18021667
23803,Esteban Rodrigo Burgos,42,2019_2020,1,92.14095
23807,Domingos Sousa Coutinho Meneses Duarte,42,2019_2020,2,190.7602333
23808,Enrique González Casín,42,2019_2020,1,26.49933333
23944,Oier Sanjurjo Mate,42,2019_2020,1,52.13878333
23945,Iñigo Pérez Soto,42,2019_2020,1,103.3610833
23947,Roberto Torres Morales,42,2019_2020,1,12.45461667
23948,Carlos Clerc Martínez,42,2019_2020,1,96.02091667
23950,David García Zubiría,42,2019_2020,1,103.3610833
23981,Álvaro Tejero Sacristán,42,2019_2020,1,92.14095
23986,Aleix Febas Pérez,42,2019_2020,1,94.00218333
24049,Luis Jesús Rioja González,42,2019_2020,2,90.16111667
24052,Yan Brice Eteki,42,2019_2020,1,72.02116667
24067,Abdón Prats Bastidas,42,2019_2020,2,19.949
24072,Salvador Sevilla López,42,2019_2020,2,146.9302
24078,Javier Muñoz Jiménez,42,2019_2020,1,54.52726667
24079,Júnior Wakalibille Lago,42,2019_2020,1,49.96093333
24083,Manuel Reina Rodríguez,42,2019_2020,2,192.97935
24084,Martin Valjent,42,2019_2020,2,192.97935
24085,Pervis Josué Estupiñán Tenorio,42,2019_2020,1,97.52378333
24086,Antonio José Raillo Arenas,42,2019_2020,2,192.97935
24087,Iddrisu Baba Mohammed,42,2019_2020,2,109.5224833
24088,Daniel José Rodríguez Vázquez,42,2019_2020,2,192.97935
24089,Joan Sastre Vanrell,42,2019_2020,2,143.0184167
24126,José Antonio Rodríguez Díaz,42,2019_2020,2,125.6650833
24127,Ramon Olamilekan Azeez,42,2019_2020,2,153.3219667
24133,Víctor David Díaz Miguel,42,2019_2020,2,190.7602333
24134,Germán Sánchez Barahona,42,2019_2020,2,166.4143167
24140,Rui Tiago Dantas da Silva,42,2019_2020,2,190.7602333
24141,Federico San Emeterio Díaz,42,2019_2020,1,98.35588333
24142,José Antonio Martínez Gil,42,2019_2020,1,21.04745
24143,Álvaro Vadillo Cifuentes,42,2019_2020,2,96.87585
24144,Ángel Montoro Sánchez,42,2019_2020,1,97.69161667
24211,Sergio Herrera Pirón,42,2019_2020,1,103.3610833
24212,Aridane Hernández Umpiérrez,42,2019_2020,1,103.3610833
24236,Ander Guevara Lajo,42,2019_2020,2,191.1548
24269,Marc Pedraza Sarto,42,2019_2020,1,60.61205
24273,Jorge Sáenz de Miera Colmeiro,42,2019_2020,1,97.55693333
24315,Enrique Barja Afonso,42,2019_2020,1,27.39245
24576,Francisco Gámez López,42,2019_2020,2,143.9631167
24613,Alejandro Pozo Pozo,42,2019_2020,1,98.97716667
24729,Xavier Quintillà Guasch,42,2019_2020,1,93.23093333
24730,Lucas René Olaza Catrofe,42,2019_2020,1,94.0457
24777,Waldo Rubio Martín,42,2019_2020,2,108.0316
24841,Ricard Puig Martí,42,2019_2020,11,564.6300833
24949,Álex Collado Gutiérrez,42,2019_2020,1,9.703
25006,Carles Pérez Sayol,42,2019_2020,5,137.4681167
25104,Rodrygo Silva de Goes,42,2019_2020,1,15.68288333
25702,Carlos Neva Tey,42,2019_2020,1,97.69161667
26009,Roberto Soldado Rillo,42,2019_2020,1,61.41866667
26387,Edgar Antonio Méndez Ortega,42,2019_2020,1,96.09611667
26404,Guido Rodríguez,42,2019_2020,1,88.72466667
26532,Renan Augusto Lodi dos Santos,42,2019_2020,2,105.0970833
27342,Josep Señé Escudero,42,2019_2020,1,22.84481667
30225,Oihan Sancet Tirapu,42,2019_2020,1,80.07796667
30277,Jon Moncayola Tollar,42,2019_2020,1,90.90646667
30294,Gabriel Matías Fernández Leites,42,2019_2020,1,11.3654
30419,Alberto Rodríguez Baró,42,2019_2020,1,49.09266667
30420,Víctor Campuzano Bonilla,42,2019_2020,1,21.86016667
30421,Matías Ezequiel Vargas Martín,42,2019_2020,1,32.71041667
30519,Mohamed Salisu,42,2019_2020,1,60.98758333
30756,Anssumane Fati,42,2019_2020,21,1030.2876
31090,Takefusa Kubo,42,2019_2020,2,192.97935
31885,Pol Lozano Vizuete,42,2019_2020,1,54.58485
32185,Alejandro Remiro Gargallo,42,2019_2020,2,191.1548
32480,Ronald Federico Araújo da Silva,42,2019_2020,6,271.3177167
32670,Víctor Gómez Perea,42,2019_2020,2,161.8642167
32953,Asier Villalibre Molina,42,2019_2020,1,26.43223333
34515,Fernando Niño Rodriguez,42,2019_2020,1,24.47235
40881,Enrique Pérez Muñoz,42,2019_2020,1,98.35588333
41116,Jacobo González Rodrigañez,42,2019_2020,1,82.46616667
41125,Abdallahi Mohamed Mahmoud,42,2019_2020,1,29.60795
3023,Yuri Berchiche Izeta,4,2018_2019,2,190.9506667
3042,Mikel Merino Zazón,4,2018_2019,2,105.8060667
3109,Malcom Filipe Silva de Oliveira,4,2018_2019,13,476.88085
3236,Sergi Darder Moll,4,2018_2019,1,76.20176667
3245,Thomas Lemar,4,2018_2019,1,65.48778333
3313,Giovani Lo Celso,4,2018_2019,2,156.5003167
3437,Francis Joseph Coquelin,4,2018_2019,2,87.9684
3457,Michy Batshuayi Tunga,4,2018_2019,1,93.99101667
3477,Álvaro Borja Morata Martín,4,2018_2019,1,34.49031667
3497,Vicente Iborra De La Fuente,4,2018_2019,1,96.23358333
3501,Philippe Coutinho Correia,4,2018_2019,31,1946.295083
3508,Sandro Ramírez Castillo,4,2018_2019,1,8.1302
3509,Thibaut Courtois,4,2018_2019,1,94.96801667
3551,Karl Brillant Toko Ekambi,4,2018_2019,2,91.04775
3610,Roque Mesa Quevedo,4,2018_2019,2,57.49221667
3625,Sofiane Boufal,4,2018_2019,1,78.17781667
3990,Jesé Rodríguez Ruiz,4,2018_2019,1,95.15005
3991,Allan Romeo Nyom,4,2018_2019,2,107.3218667
4346,Gilbert Gianelli Imbula Wanga,4,2018_2019,1,93.1021
4367,Gonçalo Manuel Ganchinho Guedes,4,2018_2019,1,11.04795
4407,Sanjin Prcić,4,2018_2019,1,22.9838
4447,Martin Braithwaite Christensen,4,2018_2019,1,78.56626667
4546,Dimitri Foulquier,4,2018_2019,2,132.9313
4629,José Ramiro Funes Mori,4,2018_2019,1,96.23358333
4712,Samuel Sáiz Alonso,4,2018_2019,2,39.30653333
4926,Francisco Román Alarcón Suárez,4,2018_2019,1,19.59941667
5186,Denis Cheryshev,4,2018_2019,2,177.9396
5198,Diego da Silva Costa,4,2018_2019,2,109.1119167
5199,Jorge Resurrección Merodio,4,2018_2019,2,191.2324833
5201,Sergio Ramos García,4,2018_2019,1,94.96801667
5203,Sergio Busquets i Burgos,4,2018_2019,33,2662.03865
5211,Jordi Alba Ramos,4,2018_2019,33,2937.38325
5213,Gerard Piqué Bernabéu,4,2018_2019,33,3125.6455
5214,William Silva de Carvalho,4,2018_2019,2,172.87325
5217,Iago Aspas Juncal,4,2018_2019,1,54.79843333
5218,André Miguel Valente Silva,4,2018_2019,1,81.17543333
5246,Luis Alberto Suárez Díaz,4,2018_2019,31,2781.215217
5249,Diego Roberto Godín Leal,4,2018_2019,1,95.0739
5259,José María Giménez de Vargas,4,2018_2019,1,95.0739
5463,Luka Modrić,4,2018_2019,1,94.96801667
5470,Ivan Rakitić,4,2018_2019,32,2586.755317
5477,Ousmane Dembélé,4,2018_2019,25,1586.610867
5484,Lucas Hernández Pi,4,2018_2019,1,96.15858333
5485,Raphaël Varane,4,2018_2019,1,94.96801667
5487,Antoine Griezmann,4,2018_2019,2,191.2324833
5492,Samuel Yves Umtiti,4,2018_2019,12,1057.9485
5503,Lionel Andrés Messi Cuccittini,4,2018_2019,34,2861.853867
5504,Éver Maximiliano David Banega,4,2018_2019,2,190.4183333
5516,Pione Sisto Ifolo Emirmija,4,2018_2019,1,18.08571667
5521,Luis Jan Piers Advíncula Castrillón,4,2018_2019,1,93.1021
5534,Simon Thorup Kjær,4,2018_2019,2,151.3492833
5539,Carlos Henrique Casimiro,4,2018_2019,1,75.3686
5563,José Andrés Guardado Hernández,4,2018_2019,2,191.4994167
5573,Héctor Alfredo Moreno Herrera,4,2018_2019,1,94.09571667
5574,Toni Kroos,4,2018_2019,1,55.34921667
5598,Óscar Esau Duarte Gaitán,4,2018_2019,1,96.79506667
5674,Moussa Wagué,4,2018_2019,1,47.91996667
5687,Takashi Inui,4,2018_2019,1,8.8498
5688,Carlos Arturo Bacca Ahumada,4,2018_2019,2,48.35111667
5693,Gaku Shibasaki,4,2018_2019,1,46.14136667
5696,Santiago Arias Naranjo,4,2018_2019,2,130.5976167
5718,Rodrigo Moreno Machado,4,2018_2019,2,107.2163167
5719,Marco Asensio Willemsen,4,2018_2019,1,33.74686667
5721,Daniel Carvajal Ramos,4,2018_2019,1,94.96801667
5742,Gabriel Iván Mercado,4,2018_2019,2,89.60651667
5830,Kenneth Josiah Omeruo,4,2018_2019,1,98.08146667
6038,John Guidetti,4,2018_2019,1,13.88648333
6297,Maximiliano Gómez González,4,2018_2019,1,96.26353333
6301,Youssef En-Nesyri,4,2018_2019,2,191.6938667
6320,Filipe Luís Kasmirski,4,2018_2019,2,156.7421667
6332,Thomas Vermaelen,4,2018_2019,8,527.51105
6334,Luis Fernando Muriel Fruto,4,2018_2019,1,15.02405
6351,Cristhian Ricardo Stuani Curbelo,4,2018_2019,2,190.2506333
6374,Nélson Cabral Semedo,4,2018_2019,25,1663.947433
6375,Juan Francisco Torres Belén,4,2018_2019,1,3.814466667
6376,Stefan Savić,4,2018_2019,1,96.15858333
6377,Ángel Martín Correa,4,2018_2019,2,75.2395
6378,Jan Oblak,4,2018_2019,2,191.2324833
6379,Sergi Roberto Carnicer,4,2018_2019,27,2016.147783
6381,Saúl Ñíguez Esclapez,4,2018_2019,2,191.2324833
6383,Thomas Teye Partey,4,2018_2019,1,95.0739
6389,Mikel San José Domínguez,4,2018_2019,2,66.98896667
6390,Markel Susaeta Laskurain,4,2018_2019,2,156.46265
6391,Raúl García Escudero,4,2018_2019,2,190.9506667
6393,Iñaki Williams Arthuer,4,2018_2019,2,168.1032333
6394,Aritz Aduriz Zubeldia,4,2018_2019,1,15.77413333
6396,Beñat Etxebarria Urkiaga,4,2018_2019,2,123.9617
6399,Gareth Frank Bale,4,2018_2019,1,61.22115
6401,Kevin Gameiro,4,2018_2019,2,107.6196333
6560,Marc Muniesa Martínez,4,2018_2019,1,96.13416667
6565,Pere Pons Riera,4,2018_2019,2,190.2506333
6566,Borja González Tomás,4,2018_2019,2,119.9
6567,Borja García Freire,4,2018_2019,1,48.12505
6569,Roberto José Rosales Altuve,4,2018_2019,1,96.36816667
6570,Alejandro Granell Nogué,4,2018_2019,2,160.4075667
6572,Juan Pedro Ramírez López,4,2018_2019,2,190.2506333
6573,Bernardo José Espinosa Zúñiga,4,2018_2019,2,147.6689
6574,Douglas Luiz Soares de Paulo,4,2018_2019,2,45.43893333
6578,Francesc Aday Benítez Caraballo,4,2018_2019,1,96.13416667
6579,Pedro Alcalá Guirado,4,2018_2019,2,190.2506333
6580,José Luis García del Pozo,4,2018_2019,1,98.08146667
6581,Jonathan Rodríguez Menéndez,4,2018_2019,2,149.3359667
6582,Cristian Portugués Manzanera,4,2018_2019,2,168.1464
6583,Carlos Soler Barragán,4,2018_2019,1,93.99101667
6587,Antonio Latorre Grueso,4,2018_2019,1,94.99653333
6589,Geoffrey Kondogbia,4,2018_2019,2,101.01915
6590,Norberto Murara Neto,4,2018_2019,2,188.98755
6592,Rúben Miguel Nunes Vezo,4,2018_2019,1,92.78681667
6594,Santiago Mina Lorenzo,4,2018_2019,1,13.60076667
6595,Daniel Parejo Muñoz,4,2018_2019,2,188.98755
6596,José Luis Gayà Peña,4,2018_2019,1,93.99101667
6598,Unai Bustinza Martínez,4,2018_2019,1,93.6124
6599,Rubén Salvador Pérez Del Mármol,4,2018_2019,1,93.6124
6601,Raúl García Carnero,4,2018_2019,1,93.6124
6603,Dimitrios Siovas,4,2018_2019,1,98.08146667
6604,Darko Brašanac,4,2018_2019,1,49.2646
6605,Joseba Zaldúa Bengoetxea,4,2018_2019,2,188.4774167
6606,Javier Eraso Goñi,4,2018_2019,1,11.56483333
6608,Nabil El Zhar,4,2018_2019,2,95.99493333
6609,Denis Suárez Fernández,4,2018_2019,2,25.91271667
6610,Iván Cuéllar Sacristán,4,2018_2019,2,191.6938667
6611,Ángel Luis Rodríguez Díaz,4,2018_2019,2,160.3455
6612,Rubén Duarte Sánchez,4,2018_2019,2,187.8705833
6613,Rubén Sobrino Pozuelo,4,2018_2019,1,70.606
6615,Víctor Laguardia Cisneros,4,2018_2019,2,187.8705833
6616,Munir El Haddadi Mohamed,4,2018_2019,6,147.3427333
6617,Ibai Gómez Pérez,4,2018_2019,1,92.61871667
6618,Martín Aguirregabiria Padilla,4,2018_2019,1,92.61871667
6619,Vitorino Gabriel Pacheco Antunes,4,2018_2019,1,93.33596667
6622,Tomás Pina Isla,4,2018_2019,1,95.25186667
6624,Jorge Franco Alviz,4,2018_2019,1,22.01271667
6626,Mubarak Wakaso,4,2018_2019,2,187.8705833
6627,Damián Nicolás Suárez Suárez,4,2018_2019,2,188.6888667
6629,Fernando Pacheco Flores,4,2018_2019,2,187.8705833
6630,Jorge Molina Vidal,4,2018_2019,2,131.608
6632,Manuel Alejandro García Sánchez,4,2018_2019,1,92.61871667
6634,Djené Dakonam Ortega,4,2018_2019,2,188.6888667
6635,Leandro Daniel Cabrera Sasía,4,2018_2019,2,188.6888667
6636,Rodrigo Ely,4,2018_2019,1,71.48798333
6648,Aïssa Mandi,4,2018_2019,2,191.4994167
6649,Óscar de Marcos Arana,4,2018_2019,2,185.6486167
6651,Joaquín Sánchez Rodríguez,4,2018_2019,2,131.4455667
6652,Jordi Amat Maas,4,2018_2019,1,64.35586667
6657,Sergio León Limones,4,2018_2019,1,19.68966667
6658,Cristian Tello Herrera,4,2018_2019,2,191.4994167
6662,Iago Herrerín Buisán,4,2018_2019,1,95.97651667
6665,Íñigo Martínez Berridi,4,2018_2019,2,118.7521167
6666,Sabin Merino Zuloaga,4,2018_2019,1,12.35763333
6667,Mikel Vesga Arruti,4,2018_2019,2,167.7714
6668,José Luis Morales Nogales,4,2018_2019,2,139.5228667
6669,David Zurutuza Veillet,4,2018_2019,1,73.51053333
6671,Asier Illarramendi Andonegi,4,2018_2019,1,82.67135
6672,Jorge Andújar Moreno,4,2018_2019,2,116.1723333
6673,Sergio Canales Madrazo,4,2018_2019,2,128.8388
6675,Antonio Manuel Luna Rodríguez,4,2018_2019,1,92.78681667
6676,Igor Zubeldia Elorza,4,2018_2019,2,147.83025
6678,Emmanuel Okyere Boateng,4,2018_2019,1,61.48428333
6679,Aritz Elustondo Irribaria,4,2018_2019,2,188.4774167
6680,Rubén Rochina Naixes,4,2018_2019,2,152.2279
6682,Sergio Postigo Redondo,4,2018_2019,1,69.165
6684,Roger Martí Salvador,4,2018_2019,1,9.3222
6685,Mikel Oyarzabal Ugarte,4,2018_2019,2,188.4774167
6688,José Ángel Gómez Campaña,4,2018_2019,2,184.9356167
6691,David Remeseiro Salgueiro,4,2018_2019,2,184.9356167
6692,Oier Olazábal Paredes,4,2018_2019,1,92.1488
6694,Gerónimo Rulli,4,2018_2019,2,188.4774167
6695,Juan Miguel Jiménez López,4,2018_2019,2,180.3472167
6698,Marko Dmitrović,4,2018_2019,1,93.92153333
6700,Sergio Enrich Ametller,4,2018_2019,2,148.8123333
6701,Joan Jordán Moreno,4,2018_2019,2,187.0682333
6704,Theo Bernard François Hernández,4,2018_2019,1,94.09571667
6705,José Ángel Valdés Díaz,4,2018_2019,2,187.0682333
6707,Charles Días Barbosa de Oliveira,4,2018_2019,1,85.62291667
6708,Paulo André Rodrigues de Oliveira,4,2018_2019,1,93.92153333
6709,Anaitz Arbilla Zabala,4,2018_2019,1,93.1467
6710,Rubén Peña Jiménez,4,2018_2019,1,93.1467
6711,Enrique García Martínez,4,2018_2019,2,44.16315
6712,Gonzalo Escalante,4,2018_2019,2,170.5127333
6713,Diego Javier Llorente Ríos,4,2018_2019,1,86.38676667
6719,Franco Damián Vázquez,4,2018_2019,2,115.4071167
6720,Pablo Sarabia García,4,2018_2019,2,190.4183333
6721,Willian José da Silva,4,2018_2019,1,94.3817
6722,David Soria Solís,4,2018_2019,2,188.6888667
6723,Wissam Ben Yedder,4,2018_2019,2,190.4183333
6734,Luis Carlos Correia Pinto,4,2018_2019,1,93.2678
6737,Alfonso Pedraza Sag,4,2018_2019,2,190.2836833
6738,Juan Francisco Moreno Fuertes,4,2018_2019,1,93.6124
6739,Diego Alejandro Rolan Silva,4,2018_2019,1,45.98726667
6742,Sergio Gontán Gallardo,4,2018_2019,2,46.68616667
6746,Gabriel Armando de Abreu,4,2018_2019,2,188.98755
6748,Ferrán Torres García,4,2018_2019,1,55.54736667
6752,Víctor Ruíz Torre,4,2018_2019,2,190.2836833
6753,Daniel Raba Antolín,4,2018_2019,1,6.748516667
6754,David López Silva,4,2018_2019,1,96.79506667
6755,Sergio Asenjo Andrés,4,2018_2019,2,190.2836833
6758,Víctor Sánchez Mata,4,2018_2019,2,176.3497667
6760,Enes Ünal,4,2018_2019,2,148.1687167
6761,Leonardo Carrilho Baptistão,4,2018_2019,1,37.19586667
6762,Álvaro González Soberón,4,2018_2019,2,181.7817833
6764,Pablo Fornals Malla,4,2018_2019,1,94.0501
6765,Rodrigo Hernández Cascante,4,2018_2019,2,187.4180167
6766,Gerard Moreno Balaguero,4,2018_2019,1,78.6804
6767,Sergio García De La Fuente,4,2018_2019,2,62.74016667
6768,Diego López Rodríguez,4,2018_2019,2,193.1632333
6769,Edinaldo Gomes Pereira,4,2018_2019,1,96.36816667
6770,Esteban Félix Granero Molina,4,2018_2019,2,116.9614667
6771,Manuel Trigueros Muñoz,4,2018_2019,1,66.25451667
6772,Mario Gaspar Pérez Martínez,4,2018_2019,2,190.2836833
6773,Federico Santiago Valverde Dipetta,4,2018_2019,1,39.6188
6775,Daniel García Carrillo,4,2018_2019,2,190.9506667
6777,Sidnei Rechel da Silva Júnior,4,2018_2019,2,191.4994167
6778,Iván Ramis Barrios,4,2018_2019,1,77.62143333
6782,Enis Bardhi,4,2018_2019,2,120.2136333
6784,Antonio García Aranda,4,2018_2019,1,92.1488
6785,Yassine Bounou,4,2018_2019,2,190.2506333
6788,Xabier Etxeita Gorritxategi,4,2018_2019,1,93.2678
6789,Mikel Balenziaga Oruesagasti,4,2018_2019,2,190.9506667
6790,Mario Hermoso Canseco,4,2018_2019,1,96.36816667
6791,Javier López Rodríguez,4,2018_2019,1,96.79506667
6792,Pau López Sabata,4,2018_2019,2,191.4994167
6795,Rubén Blanco Veiga,4,2018_2019,1,96.26353333
6797,Daniel Wass,4,2018_2019,1,94.99653333
6798,Stanislav Lobotka,4,2018_2019,1,48.16171667
6799,Brais Méndez Portela,4,2018_2019,1,96.26353333
6804,Sergi Gómez Solà,4,2018_2019,2,190.4183333
6805,Hugo Mallo Novegil,4,2018_2019,1,96.26353333
6807,Roberto Suárez Pier,4,2018_2019,2,184.9356167
6809,Erick Cathriel Cabaco Almada,4,2018_2019,1,75.64176667
6821,Jesús Navas González,4,2018_2019,2,190.4183333
6825,Daniel Filipe Martins Carriço,4,2018_2019,1,96.19948333
6826,Clément Lenglet,4,2018_2019,21,1838.490283
6827,NA,4,2018_2019,1,7.26535
6834,Gerard Gumbau Garriga,4,2018_2019,1,20.08791667
6838,Hernán Arsenio Pérez González,4,2018_2019,1,59.5992
6839,Daniel Alejandro Torres Rojas,4,2018_2019,1,67.90986667
6841,Víctor Machín Pérez,4,2018_2019,1,30.6708
6842,Iker Muniain Goñi,4,2018_2019,1,34.48801667
6852,Jozabed Sánchez Ruiz,4,2018_2019,1,96.26353333
6855,Guillermo Alfonso Maripán Loaysa,4,2018_2019,1,92.61871667
6856,Carlos Martín Vigaray,4,2018_2019,1,95.25186667
6857,Rúben Afonso Borges Semedo,4,2018_2019,1,28.55375
6863,Mauro Wilney Arambarri Rosa,4,2018_2019,2,188.6888667
6866,Marc Roca Junqué,4,2018_2019,2,193.1632333
6867,Papa Kouly Diop,4,2018_2019,1,93.1467
6873,Francisco Portillo Soler,4,2018_2019,2,132.86205
6876,Róbert Mazáň,4,2018_2019,1,96.26353333
6877,Yeray Álvarez López,4,2018_2019,2,190.9506667
6886,Dídac Vilá Rosselló,4,2018_2019,1,96.79506667
6888,Aleix García Serrano,4,2018_2019,2,118.6770333
6891,Ezequiel Marcelo Garay,4,2018_2019,2,188.98755
6899,Rubén Pardo Gutiérrez,4,2018_2019,2,177.0996667
6901,Nemanja Maksimović,4,2018_2019,2,188.6888667
6902,Óscar Melendo Jiménez,4,2018_2019,2,130.4230667
6906,Jon Bautista Orgilles,4,2018_2019,1,20.58518333
6919,Guilherme Antonio Arana Lopes,4,2018_2019,1,96.19948333
6923,Joaquín Navarro Jiménez,4,2018_2019,1,95.25186667
6924,Alejandro Gálvez Jimena,4,2018_2019,1,93.1021
6935,Adrián Marín Gómez,4,2018_2019,1,24.70885
6998,Rafael Alcântara do Nascimento,4,2018_2019,3,111.0082
7040,Marko Rog,4,2018_2019,1,61.20038333
7068,Marc Bartra Aregall,4,2018_2019,2,191.4994167
7104,Mathías Olivera Miramontes,4,2018_2019,1,95.3529
7105,Fabián Ariel Orellana Valenzuela,4,2018_2019,2,187.0682333
7578,Anthony Rubén Lozano Colón,4,2018_2019,1,13.08063333
7621,Hugo Duro Perales,4,2018_2019,1,8.5393
7699,Daniele Verde,4,2018_2019,2,75.00586667
7900,Tiago Manuel Dias Correia,4,2018_2019,1,93.1021
7907,Pedro Bigas Rigo,4,2018_2019,1,93.1467
7910,Lorenzo Jesús Morón García,4,2018_2019,2,95.28586667
8068,Maximilian Wöber,4,2018_2019,1,57.20866667
8206,Arturo Erasmo Vidal Pardo,4,2018_2019,29,1869.723867
8419,Duje Čop,4,2018_2019,1,24.74236667
8540,Kenan Kodro,4,2018_2019,1,7.0733
8555,Pablo Ezequiel De Blasis,4,2018_2019,2,123.46635
8652,Jasper Cillessen,4,2018_2019,2,189.2744333
8668,Kevin-Prince Boateng,4,2018_2019,1,59.42116667
9747,Axel Werner,4,2018_2019,1,93.2678
10323,Alfa Semedo Esteves,4,2018_2019,1,16.81346667
10763,Asier Riesgo Unamuno,4,2018_2019,1,93.1467
11291,Laureano Antonio Villa Suárez,4,2018_2019,2,113.7511833
11292,Pedro Antonio Porro Sauceda,4,2018_2019,1,94.11646667
11293,Fernando Calero Villa,4,2018_2019,2,188.75705
11294,Borja Fernández Fernández,4,2018_2019,1,63.81678333
11296,Óscar Plano Pedreño,4,2018_2019,1,94.65698333
11297,Javier Moyano Lujano,4,2018_2019,1,94.65698333
11298,José Ignacio Martínez García,4,2018_2019,2,188.75705
11300,Rubén Alcaraz Jiménez,4,2018_2019,1,94.65698333
11301,Miguel Alfonso Herrero Javaloyas,4,2018_2019,1,94.10006667
11302,Jordi Masip López,4,2018_2019,2,188.75705
11303,Anuar Mohamed Tuhami,4,2018_2019,2,188.75705
11304,Francisco José Olivas Alba,4,2018_2019,2,188.75705
11332,Ibrahim Amadou,4,2018_2019,1,37.01018333
11384,Manuel Morlanes Ariño,4,2018_2019,1,64.7657
11385,Santiago Cáseres,4,2018_2019,2,125.5179833
11386,Santiago Cazorla González,4,2018_2019,2,183.5351667
11388,Néstor Alejandro Araújo Razo,4,2018_2019,1,96.26353333
11389,Francisco José Beltrán Peinado,4,2018_2019,1,41.4651
11391,Borja Iglesias Quintas,4,2018_2019,2,161.6714
11392,Arthur Henrique Ramos de Oliveira Melo,4,2018_2019,23,1258.4663
11535,José Ángel Pozo la Rosa,4,2018_2019,1,28.74623333
11538,Alejandro Moreno Lopera,4,2018_2019,1,93.1021
11539,Adrián Embarba Blázquez,4,2018_2019,1,12.59676667
11541,Tomáš Vaclík,4,2018_2019,2,190.4183333
11550,Jaime Mata Arnaiz,4,2018_2019,1,93.33596667
11634,Cristiano Piccini,4,2018_2019,2,188.98755
11669,Gonzalo Julián Melero Manzanares,4,2018_2019,1,93.2678
11671,Juan Camilo Hernández Suárez,4,2018_2019,1,71.2164
11672,Samuele Longo,4,2018_2019,1,57.34708333
11673,Alejandro Gallar Falguera,4,2018_2019,1,64.71405
11674,Damián Marcelo Musto,4,2018_2019,1,93.2678
11675,Moisés Gómez Bordonado,4,2018_2019,1,93.2678
11676,Jorge Miramón Santagertrudis,4,2018_2019,1,93.2678
11677,Jorge Pulido Mayoral,4,2018_2019,1,93.2678
11678,Luis Ezequiel Ávila,4,2018_2019,1,22.0514
11730,Jonathan Cristian Silva,4,2018_2019,2,191.6938667
11744,Peru Nolaskoain Esnal,4,2018_2019,1,72.19855
11745,Michael Nicolás Santos Rosadilla,4,2018_2019,1,19.5152
11748,Unai Simón Mendibil,4,2018_2019,1,94.97415
12190,Patrick Twumasi,4,2018_2019,1,23.76388333
12192,Álvaro García Rivera,4,2018_2019,1,80.50533333
12194,Santiago Comesaña Veiga,4,2018_2019,1,93.1021
12554,Serdar Gürler,4,2018_2019,1,35.92071667
12555,Okay Yokuşlu,4,2018_2019,1,48.10181667
13107,Sergio Álvarez Díaz,4,2018_2019,1,16.3001
13108,Marc Cardona Rovira,4,2018_2019,2,18.94686667
13360,Quincy Anton Promes,4,2018_2019,1,94.21885
13599,Carles Aleña Castillo,4,2018_2019,15,505.5964
16209,Raúl de Tomás Gómez,4,2018_2019,1,93.1021
16210,Luca Sangalli Fuentes,4,2018_2019,2,52.02491667
16212,Óscar Rodríguez Arnaiz,4,2018_2019,2,159.9830167
16335,Samuel Chimerenka Chukwueze,4,2018_2019,2,183.0183333
17027,Sergio Guardiola Navarro,4,2018_2019,1,94.10006667
17054,Emiliano Daniel Velázquez Maldonado,4,2018_2019,1,93.1021
17276,Seydou Doumbia,4,2018_2019,1,9.0236
17303,Nikola Vukčević,4,2018_2019,1,64.72198333
17304,Héctor Junior Firpo Adames,4,2018_2019,1,96.34936667
17620,Marc Cucurella Saseta,4,2018_2019,2,157.5234167
17804,David Costas Cordal,4,2018_2019,1,96.26353333
17818,Rodrigo Tarín Higón,4,2018_2019,2,191.6938667
18163,Moses Daddy-Ajala Simon,4,2018_2019,1,45.41275
18164,Antonio Jesús Regal Angulo,4,2018_2019,1,94.10006667
18395,Vinícius José Paixão de Oliveira Júnior,4,2018_2019,1,94.96801667
18620,Sergio Reguilón Rodríguez,4,2018_2019,1,94.96801667
18721,Robert Ibáñez Castro,4,2018_2019,1,9.68545
19677,Karim Benzema,4,2018_2019,1,94.96801667
20055,Marc-André ter Stegen,4,2018_2019,32,3032.60465
21147,Borja Mayoral Moya,4,2018_2019,2,123.4513333
21397,Stole Dimitrievski,4,2018_2019,1,93.1021
22020,Joaquín Fernández Moreno,4,2018_2019,1,94.10006667
22129,Valery Fernández Estrada,4,2018_2019,1,94.11646667
22287,Adrià Giner Pedrosa,4,2018_2019,1,96.36816667
22321,Ander Barrenetxea Muguruza,4,2018_2019,1,7.994933333
22452,Aihen Muñoz Capellán,4,2018_2019,1,94.3817
22915,Diego Lainez Leyva,4,2018_2019,1,26.1493
22919,Lluís López Mármol,4,2018_2019,1,96.36816667
23264,Seung-Ho Paik,4,2018_2019,1,7.852683333
23343,Lei Wu,4,2018_2019,1,31.49183333
23344,Aitor Fernández Abarisketa,4,2018_2019,1,92.78681667
23492,Stiven Ricardo Plaza Castillo,4,2018_2019,1,18.47588333
23522,Emerson Aparecido Leite de Souza Junior,4,2018_2019,1,26.3651
24976,Abel Ruiz Ortega,4,2018_2019,1,26.46003333
25006,Carles Pérez Sayol,4,2018_2019,1,20.71346667
3236,Sergi Darder Moll,1,2017_2018,2,168.1031
3302,Nordin Amrabat,1,2017_2018,2,137.7629667
3501,Philippe Coutinho Correia,1,2017_2018,16,1151.584617
3726,Gerard Deulofeu Lázaro,1,2017_2018,10,523.89465
4265,Oussama Tannane,1,2017_2018,1,92.44786667
4353,Aymeric Laporte,1,2017_2018,1,93.72561667
4367,Gonçalo Manuel Ganchinho Guedes,1,2017_2018,2,163.9769167
4443,Paul Baysse,1,2017_2018,1,93.5819
5186,Denis Cheryshev,1,2017_2018,1,45.74366667
5198,Diego da Silva Costa,1,2017_2018,1,94.1187
5199,Jorge Resurrección Merodio,1,2017_2018,2,188.0912833
5200,Lucas Vázquez Iglesias,1,2017_2018,1,27.68173333
5201,Sergio Ramos García,1,2017_2018,2,192.5018167
5202,José Ignacio Fernández Iglesias,1,2017_2018,2,98.75753333
5203,Sergio Busquets i Burgos,1,2017_2018,29,2510.253133
5207,Cristiano Ronaldo dos Santos Aveiro,1,2017_2018,2,142.7155667
5211,Jordi Alba Ramos,1,2017_2018,31,2688.302533
5213,Gerard Piqué Bernabéu,1,2017_2018,28,2581.962333
5216,Andrés Iniesta Luján,1,2017_2018,29,1822.310483
5217,Iago Aspas Juncal,1,2017_2018,2,190.42725
5246,Luis Alberto Suárez Díaz,1,2017_2018,31,2833.512783
5249,Diego Roberto Godín Leal,1,2017_2018,2,188.0912833
5259,José María Giménez de Vargas,1,2017_2018,1,94.1187
5456,Mateo Kovačić,1,2017_2018,2,83.64116667
5461,Šime Vrsaljko,1,2017_2018,1,59.60353333
5463,Luka Modrić,1,2017_2018,2,192.5018167
5466,Oghenekaro Etebo,1,2017_2018,1,96.14991667
5470,Ivan Rakitić,1,2017_2018,33,2755.973233
5477,Ousmane Dembélé,1,2017_2018,15,814.8017667
5484,Lucas Hernández Pi,1,2017_2018,1,19.09776667
5485,Raphaël Varane,1,2017_2018,2,192.5018167
5487,Antoine Griezmann,1,2017_2018,2,188.0912833
5492,Samuel Yves Umtiti,1,2017_2018,24,2189.281833
5503,Lionel Andrés Messi Cuccittini,1,2017_2018,36,3135.692383
5504,Éver Maximiliano David Banega,1,2017_2018,2,186.4210333
5506,Javier Alejandro Mascherano,1,2017_2018,7,565.1061333
5516,Pione Sisto Ifolo Emirmija,1,2017_2018,2,175.80745
5534,Simon Thorup Kjær,1,2017_2018,2,165.4203333
5537,Fabian Lukas Schär,1,2017_2018,2,185.1418167
5539,Carlos Henrique Casimiro,1,2017_2018,2,171.07875
5542,José Paulo Bezzera Maciel Júnior,1,2017_2018,33,1940.698433
5552,Marcelo Vieira da Silva Júnior,1,2017_2018,2,192.5018167
5556,Miguel Arturo Layún Prado,1,2017_2018,1,47.11775
5563,José Andrés Guardado Hernández,1,2017_2018,2,187.2007667
5574,Toni Kroos,1,2017_2018,2,181.6645333
5582,Celso Borges Mora,1,2017_2018,2,178.8977
5588,Antonio Rukavina,1,2017_2018,1,29.81741667
5597,Keylor Navas Gamboa,1,2017_2018,2,192.5018167
5633,Yannick Ferreira Carrasco,1,2017_2018,1,73.04836667
5678,Jefferson Andrés Lerma Solís,1,2017_2018,1,62.59858333
5685,Carlos Alberto Sánchez Moreno,1,2017_2018,1,7.2813
5687,Takashi Inui,1,2017_2018,2,185.83505
5688,Carlos Arturo Bacca Ahumada,1,2017_2018,1,70.45751667
5691,Johan Andrés Mojica Palacio,1,2017_2018,1,24.64946667
5693,Gaku Shibasaki,1,2017_2018,2,143.0912
5718,Rodrigo Moreno Machado,1,2017_2018,2,162.3470667
5719,Marco Asensio Willemsen,1,2017_2018,2,71.20931667
5721,Daniel Carvajal Ramos,1,2017_2018,1,63.55476667
5724,Fayçal Fajr,1,2017_2018,2,188.90395
5737,Steven N''Kemboanza Mike Christopher Nzonzi,1,2017_2018,2,186.4210333
5742,Gabriel Iván Mercado,1,2017_2018,1,45.06068333
6038,John Guidetti,1,2017_2018,1,75.81655
6196,Yerry Fernando Mina González,1,2017_2018,4,295.1224333
6297,Maximiliano Gómez González,1,2017_2018,2,190.42725
6320,Filipe Luís Kasmirski,1,2017_2018,2,168.9935167
6330,Adnan Januzaj,1,2017_2018,2,77.85345
6332,Thomas Vermaelen,1,2017_2018,13,1038.0623
6334,Luis Fernando Muriel Fruto,1,2017_2018,2,168.2060833
6356,Michael Krohn-Dehli,1,2017_2018,1,92.16768333
6374,Nélson Cabral Semedo,1,2017_2018,23,1469.1561
6375,Juan Francisco Torres Belén,1,2017_2018,1,93.97258333
6376,Stefan Savić,1,2017_2018,1,93.97258333
6377,Ángel Martín Correa,1,2017_2018,2,92.69706667
6378,Jan Oblak,1,2017_2018,2,188.0912833
6379,Sergi Roberto Carnicer,1,2017_2018,29,2266.904833
6381,Saúl Ñíguez Esclapez,1,2017_2018,2,188.0912833
6382,Fernando José Torres Sanz,1,2017_2018,1,11.6043
6383,Thomas Teye Partey,1,2017_2018,2,115.0429167
6384,Gabriel Fernández Arenas,1,2017_2018,2,149.2271667
6386,Eneko Bóveda Altube,1,2017_2018,1,93.72561667
6387,Iñigo Córdoba Kerejeta,1,2017_2018,1,93.72561667
6388,Ander Iturraspe Derteano,1,2017_2018,2,140.7657667
6389,Mikel San José Domínguez,1,2017_2018,2,159.6476167
6390,Markel Susaeta Laskurain,1,2017_2018,2,73.38241667
6391,Raúl García Escudero,1,2017_2018,2,185.8142833
6392,Íñigo Lekue Martínez,1,2017_2018,2,185.8142833
6393,Iñaki Williams Arthuer,1,2017_2018,2,112.4318667
6394,Aritz Aduriz Zubeldia,1,2017_2018,2,115.2135167
6395,Kepa Arrizabalaga Revuelta,1,2017_2018,2,185.8142833
6396,Beñat Etxebarria Urkiaga,1,2017_2018,2,71.21518333
6397,Unai Núñez Gestoso,1,2017_2018,2,185.8142833
6399,Gareth Frank Bale,1,2017_2018,2,119.6979333
6400,Aleix Vidal Parreu,1,2017_2018,14,481.8477
6401,Kevin Gameiro,1,2017_2018,1,27.25981667
6402,Francisco Alcácer García,1,2017_2018,16,692.80525
6557,Adrián González Morales,1,2017_2018,1,93.5819
6559,Juan Carlos Pérez López,1,2017_2018,1,93.5819
6561,Luis Hernández Rodríguez,1,2017_2018,1,93.5819
6563,Juan Pablo Añor Acosta,1,2017_2018,1,48.02133333
6564,Pablo Maffeo Becerra,1,2017_2018,2,171.31635
6565,Pere Pons Riera,1,2017_2018,2,186.3533667
6566,Borja González Tomás,1,2017_2018,1,21.79786667
6567,Borja García Freire,1,2017_2018,1,62.71496667
6569,Roberto José Rosales Altuve,1,2017_2018,1,93.5819
6570,Alejandro Granell Nogué,1,2017_2018,1,93.14708333
6572,Juan Pedro Ramírez López,1,2017_2018,2,186.3533667
6573,Bernardo José Espinosa Zúñiga,1,2017_2018,2,186.3533667
6574,Douglas Luiz Soares de Paulo,1,2017_2018,2,116.2593333
6575,Emanuel Cecchini,1,2017_2018,1,25.83946667
6576,Gorka Iraizoz Moreno,1,2017_2018,1,93.20628333
6578,Francesc Aday Benítez Caraballo,1,2017_2018,2,113.61105
6582,Cristian Portugués Manzanera,1,2017_2018,2,163.3003167
6583,Carlos Soler Barragán,1,2017_2018,2,184.1593167
6584,Simone Zaza,1,2017_2018,2,107.9929167
6589,Geoffrey Kondogbia,1,2017_2018,2,189.2247667
6590,Norberto Murara Neto,1,2017_2018,2,189.2247667
6592,Rúben Miguel Nunes Vezo,1,2017_2018,2,103.7169
6593,Martín Montoya Torralbo,1,2017_2018,1,94.13151667
6594,Santiago Mina Lorenzo,1,2017_2018,2,76.51775
6595,Daniel Parejo Muñoz,1,2017_2018,2,189.2247667
6596,José Luis Gayà Peña,1,2017_2018,2,189.2247667
6597,Gabriel Appelt Pires,1,2017_2018,2,185.7870667
6598,Unai Bustinza Martínez,1,2017_2018,1,93.51705
6599,Rubén Salvador Pérez Del Mármol,1,2017_2018,2,170.3096833
6600,Claudio Beauvue,1,2017_2018,2,95.04141667
6601,Raúl García Carnero,1,2017_2018,2,106.8571333
6602,Miguel Ángel Guerrero Martín,1,2017_2018,1,15.47738333
6603,Dimitrios Siovas,1,2017_2018,2,172.4469833
6604,Darko Brašanac,1,2017_2018,1,33.45245
6605,Joseba Zaldúa Bengoetxea,1,2017_2018,2,185.7870667
6606,Javier Eraso Goñi,1,2017_2018,2,105.3173
6607,Julián Omar Ramos Suárez,1,2017_2018,1,93.51705
6608,Nabil El Zhar,1,2017_2018,2,185.7870667
6609,Denis Suárez Fernández,1,2017_2018,17,606.0409333
6610,Iván Cuéllar Sacristán,1,2017_2018,2,185.7870667
6611,Ángel Luis Rodríguez Díaz,1,2017_2018,1,77.39406667
6612,Rubén Duarte Sánchez,1,2017_2018,1,88.95211667
6613,Rubén Sobrino Pozuelo,1,2017_2018,2,173.4964
6614,Alexis Ruano Delgado,1,2017_2018,2,189.2778333
6615,Víctor Laguardia Cisneros,1,2017_2018,1,94.21345
6616,Munir El Haddadi Mohamed,1,2017_2018,1,18.3969
6617,Ibai Gómez Pérez,1,2017_2018,2,162.4432667
6619,Vitorino Gabriel Pacheco Antunes,1,2017_2018,2,188.90395
6621,Amath Ndiaye,1,2017_2018,2,157.2981
6622,Tomás Pina Isla,1,2017_2018,1,95.06438333
6624,Jorge Franco Alviz,1,2017_2018,1,26.83456667
6625,Vicente Guaita Panadero,1,2017_2018,2,188.90395
6626,Mubarak Wakaso,1,2017_2018,2,173.28445
6627,Damián Nicolás Suárez Suárez,1,2017_2018,2,188.90395
6628,Óscar David Romero Villamayor,1,2017_2018,1,95.06438333
6629,Fernando Pacheco Flores,1,2017_2018,2,189.2778333
6630,Jorge Molina Vidal,1,2017_2018,2,104.5427333
6631,Mathieu Flamini,1,2017_2018,1,16.42721667
6632,Manuel Alejandro García Sánchez,1,2017_2018,1,95.06438333
6633,Markel Bergara Larrañaga,1,2017_2018,1,95.08266667
6634,Djené Dakonam Ortega,1,2017_2018,2,188.90395
6635,Leandro Daniel Cabrera Sasía,1,2017_2018,1,6.32135
6636,Rodrigo Ely,1,2017_2018,1,95.06438333
6646,Riza Durmisi,1,2017_2018,1,94.04181667
6647,Zouhair Feddal,1,2017_2018,2,187.2007667
6648,Aïssa Mandi,1,2017_2018,2,187.2007667
6649,Óscar de Marcos Arana,1,2017_2018,1,92.08866667
6651,Joaquín Sánchez Rodríguez,1,2017_2018,2,187.2007667
6654,Antonio Adán Garrido,1,2017_2018,2,187.2007667
6655,Fabián Ruiz Peña,1,2017_2018,2,105.2759
6657,Sergio León Limones,1,2017_2018,2,167.24535
6658,Cristian Tello Herrera,1,2017_2018,1,94.04181667
6659,Víctor Camarasa Ferrando,1,2017_2018,2,81.92486667
6660,Enric Saborit Teixidor,1,2017_2018,1,92.08866667
6661,Ryad Boudebouz,1,2017_2018,1,15.79538333
6663,Antonio Barragán Fernández,1,2017_2018,1,93.15895
6665,Íñigo Martínez Berridi,1,2017_2018,1,92.08866667
6666,Sabin Merino Zuloaga,1,2017_2018,1,70.60076667
6669,David Zurutuza Veillet,1,2017_2018,2,144.2380667
6671,Asier Illarramendi Andonegi,1,2017_2018,2,186.4614833
6673,Sergio Canales Madrazo,1,2017_2018,2,123.4862167
6674,Alberto De La Bella Madureño,1,2017_2018,1,93.19543333
6675,Antonio Manuel Luna Rodríguez,1,2017_2018,1,95.12271667
6676,Igor Zubeldia Elorza,1,2017_2018,1,38.43223333
6678,Emmanuel Okyere Boateng,1,2017_2018,1,74.15773333
6679,Aritz Elustondo Irribaria,1,2017_2018,1,71.409
6682,Sergio Postigo Redondo,1,2017_2018,1,95.12271667
6683,Cheick Doukouré,1,2017_2018,1,95.12271667
6685,Mikel Oyarzabal Ugarte,1,2017_2018,2,127.6379333
6687,Saša Lukić,1,2017_2018,1,95.12271667
6689,Álvaro Odriozola Arzallus,1,2017_2018,2,115.0524833
6690,Xabier Prieto Argarate,1,2017_2018,2,82.17905
6691,David Remeseiro Salgueiro,1,2017_2018,1,83.41601667
6692,Oier Olazábal Paredes,1,2017_2018,1,95.12271667
6693,Raúl Rodríguez Navas,1,2017_2018,2,186.4614833
6694,Gerónimo Rulli,1,2017_2018,1,93.26605
6695,Juan Miguel Jiménez López,1,2017_2018,2,152.0189833
6698,Marko Dmitrović,1,2017_2018,2,185.83505
6699,Ander Capa Rodríguez,1,2017_2018,1,65.08478333
6700,Sergio Enrich Ametller,1,2017_2018,1,71.77015
6701,Joan Jordán Moreno,1,2017_2018,2,175.1978333
6702,David Rodríguez Lombán,1,2017_2018,1,48.01835
6703,Christian Rivera Hernández,1,2017_2018,1,15.39121667
6705,José Ángel Valdés Díaz,1,2017_2018,1,93.10451667
6707,Charles Días Barbosa de Oliveira,1,2017_2018,2,31.5976
6708,Paulo André Rodrigues de Oliveira,1,2017_2018,1,92.73053333
6709,Anaitz Arbilla Zabala,1,2017_2018,2,185.83505
6710,Rubén Peña Jiménez,1,2017_2018,2,120.7502667
6711,Enrique García Martínez,1,2017_2018,1,93.10451667
6712,Gonzalo Escalante,1,2017_2018,2,111.7954
6713,Diego Javier Llorente Ríos,1,2017_2018,2,186.4614833
6715,Guido Hernán Pizarro,1,2017_2018,2,114.72105
6716,Sébastien Corchia,1,2017_2018,1,94.2426
6717,Johannes Geis,1,2017_2018,1,21.0007
6718,Sergio Escudero Palomo,1,2017_2018,2,186.4210333
6719,Franco Damián Vázquez,1,2017_2018,1,92.17843333
6720,Pablo Sarabia García,1,2017_2018,1,61.21598333
6721,Willian José da Silva,1,2017_2018,2,186.4614833
6722,David Soria Solís,1,2017_2018,1,94.2426
6723,Wissam Ben Yedder,1,2017_2018,1,18.21495
6724,Manuel Agudo Durán,1,2017_2018,2,44.43428333
6725,Zakaria Bakkali,1,2017_2018,1,30.2778
6726,Enzo Alan Zidane Fernández,1,2017_2018,1,15.99338333
6727,Raúl Albentosa Redal,1,2017_2018,1,92.16768333
6728,Federico Nicolás Cartabia,1,2017_2018,1,6.0405
6729,Guilherme dos Santos Torres,1,2017_2018,2,145.2656333
6730,Rubén Iván Martínez Andrade,1,2017_2018,2,185.1418167
6731,Florin Andone,1,2017_2018,1,6.244116667
6732,Lucas Pérez Martínez,1,2017_2018,2,185.1418167
6734,Luis Carlos Correia Pinto,1,2017_2018,1,92.16768333
6735,Adrián López Álvarez,1,2017_2018,1,92.97413333
6736,Álvaro Medrán Just,1,2017_2018,1,94.21345
6737,Alfonso Pedraza Sag,1,2017_2018,2,125.6192833
6738,Juan Francisco Moreno Fuertes,1,2017_2018,2,185.1418167
6739,Diego Alejandro Rolan Silva,1,2017_2018,1,45.56056667
6740,Gonzalo Castro Irizábal,1,2017_2018,1,93.5819
6742,Sergio Gontán Gallardo,1,2017_2018,1,93.5819
6744,Luciano Vietto,1,2017_2018,1,23.64095
6746,Gabriel Armando de Abreu,1,2017_2018,2,189.2247667
6751,Javier Fuego Martínez,1,2017_2018,2,130.3627167
6752,Víctor Ruíz Torre,1,2017_2018,2,188.0693667
6753,Daniel Raba Antolín,1,2017_2018,1,60.19228333
6754,David López Silva,1,2017_2018,2,186.4356833
6755,Sergio Asenjo Andrés,1,2017_2018,2,188.0693667
6756,Marc Navarro Ceciliano,1,2017_2018,2,101.7359
6757,Aarón Martín Caricol,1,2017_2018,2,186.4356833
6758,Víctor Sánchez Mata,1,2017_2018,2,160.5891667
6759,Roberto Soriano,1,2017_2018,1,63.74345
6760,Enes Ünal,1,2017_2018,1,24.05098333
6761,Leonardo Carrilho Baptistão,1,2017_2018,2,179.1543833
6762,Álvaro González Soberón,1,2017_2018,2,188.0693667
6763,Pablo Daniel Piatti,1,2017_2018,1,57.20306667
6764,Pablo Fornals Malla,1,2017_2018,1,94.5085
6765,Rodrigo Hernández Cascante,1,2017_2018,2,188.0693667
6766,Gerard Moreno Balaguero,1,2017_2018,2,186.4356833
6767,Sergio García De La Fuente,1,2017_2018,2,68.86305
6768,Diego López Rodríguez,1,2017_2018,1,93.11121667
6769,Edinaldo Gomes Pereira,1,2017_2018,1,93.11121667
6770,Esteban Félix Granero Molina,1,2017_2018,1,93.11121667
6771,Manuel Trigueros Muñoz,1,2017_2018,2,151.0311167
6772,Mario Gaspar Pérez Martínez,1,2017_2018,2,188.0693667
6773,Federico Santiago Valverde Dipetta,1,2017_2018,1,30.29448333
6774,Borja Valle Balonga,1,2017_2018,2,95.03763333
6775,Daniel García Carrillo,1,2017_2018,2,170.4438333
6776,David Juncà Reñé,1,2017_2018,1,92.73053333
6777,Sidnei Rechel da Silva Júnior,1,2017_2018,1,92.97413333
6778,Iván Ramis Barrios,1,2017_2018,1,45.08616667
6779,Emre Çolak,1,2017_2018,2,154.8640167
6780,Iván López Álvarez,1,2017_2018,1,95.12271667
6783,Samuel García Sánchez,1,2017_2018,1,11.7067
6785,Yassine Bounou,1,2017_2018,1,93.14708333
6790,Mario Hermoso Canseco,1,2017_2018,1,93.32446667
6791,Javier López Rodríguez,1,2017_2018,1,17.22183333
6792,Pau López Sabata,1,2017_2018,1,93.32446667
6794,Gustavo Daniel Cabral Cáceres,1,2017_2018,1,93.00845
6795,Rubén Blanco Veiga,1,2017_2018,1,96.94426667
6796,Nemanja Radoja,1,2017_2018,1,20.88058333
6797,Daniel Wass,1,2017_2018,2,190.42725
6798,Stanislav Lobotka,1,2017_2018,2,190.42725
6799,Brais Méndez Portela,1,2017_2018,2,146.219
6800,Carles Gil de Pareja Vicent,1,2017_2018,1,84.06368333
6801,Pedro Pablo Hernández,1,2017_2018,1,12.03625
6802,Jonathan Castro Otto,1,2017_2018,1,93.48298333
6803,Emre Mor,1,2017_2018,1,14.6198
6804,Sergi Gómez Solà,1,2017_2018,2,97.4188
6805,Hugo Mallo Novegil,1,2017_2018,1,96.94426667
6806,Shaquell Moore,1,2017_2018,1,95.12271667
6807,Roberto Suárez Pier,1,2017_2018,1,32.52413333
6808,Alexander Mesa Travieso,1,2017_2018,1,20.96498333
6809,Erick Cathriel Cabaco Almada,1,2017_2018,1,95.12271667
6810,José Manuel Arnáiz Díaz,1,2017_2018,1,8.982533333
6821,Jesús Navas González,1,2017_2018,2,175.0133667
6822,Carlos Joaquín Correa,1,2017_2018,1,71.69998333
6823,Sergio Rico González,1,2017_2018,1,92.17843333
6826,Clément Lenglet,1,2017_2018,2,186.4210333
6828,Jaume Vicent Costa Jordá,1,2017_2018,2,188.0693667
6829,Samuel Castillejo Azuaga,1,2017_2018,2,140.2804167
6830,Facundo Sebastián Roncaglia,1,2017_2018,2,126.9333667
6831,Francisco Javier Guerrero Martín,1,2017_2018,2,115.9695333
6832,Rubén Castro Martín,1,2017_2018,1,19.95541667
6834,Gerard Gumbau Garriga,1,2017_2018,1,26.29066667
6835,Alin Dorinel Toșca,1,2017_2018,1,93.15895
6836,Francisco Javier García Fernández,1,2017_2018,2,103.68005
6838,Hernán Arsenio Pérez González,1,2017_2018,1,63.65855
6843,Esteban Rolón,1,2017_2018,1,67.74243333
6846,Andreas Hoelgebaum Pereira,1,2017_2018,2,38.26415
6847,Adalberto Peñaranda Maestre,1,2017_2018,1,71.78403333
6848,Andrés Tomás Prieto Albert,1,2017_2018,1,93.5819
6849,Lucas Digne,1,2017_2018,11,724.2384167
6852,Jozabed Sánchez Ruiz,1,2017_2018,2,157.5104167
6855,Guillermo Alfonso Maripán Loaysa,1,2017_2018,1,94.21345
6856,Carlos Martín Vigaray,1,2017_2018,1,95.06438333
6857,Rúben Afonso Borges Semedo,1,2017_2018,1,47.78895
6858,Sergio Mora Sánchez,1,2017_2018,1,22.14578333
6859,Nicola Sansone,1,2017_2018,1,48.76483333
6861,Juan Torres Ruiz,1,2017_2018,1,95.08266667
6862,Cédric Bakambu,1,2017_2018,1,93.56086667
6863,Mauro Wilney Arambarri Rosa,1,2017_2018,2,180.5522
6864,Álvaro José Jiménez Guerrero,1,2017_2018,1,39.4914
6867,Papa Kouly Diop,1,2017_2018,2,167.3641167
6870,José Manuel Jurado Marín,1,2017_2018,1,60.36956667
6872,Bruno González Cabrera,1,2017_2018,1,93.82128333
6873,Francisco Portillo Soler,1,2017_2018,2,102.1730333
6874,Ermedin Demirović,1,2017_2018,1,5.261333333
6875,Alexander Szymanowski,1,2017_2018,1,65.97935
6881,Christian Robert Santos Kwasniewski,1,2017_2018,1,15.78143333
6884,Sergio Álvarez Conde,1,2017_2018,1,93.48298333
6885,Kévin Manuel Rodrigues,1,2017_2018,1,93.26605
6886,Dídac Vilá Rosselló,1,2017_2018,1,18.33258333
6887,Jonás Ramalho Chimeno,1,2017_2018,2,186.3533667
6888,Aleix García Serrano,1,2017_2018,2,123.6384
6890,Andreu Fontàs Prat,1,2017_2018,1,96.94426667
6891,Ezequiel Marcelo Garay,1,2017_2018,2,180.6011167
6894,Ezequiel Muñoz,1,2017_2018,1,92.27001667
6895,Diego Rico Salguero,1,2017_2018,1,92.27001667
6896,Marlos Moreno Durán,1,2017_2018,1,15.03701667
6897,Michael Olunga Ogada,1,2017_2018,1,59.34346667
6913,Fernando Navarro i Corbacho,1,2017_2018,1,92.97413333
6920,Alberto Aquilani,1,2017_2018,2,118.9746333
6921,Matías Aguirregaray Guruceaga,1,2017_2018,1,96.14991667
6922,Míchel Macedo Rocha Machado,1,2017_2018,2,113.4944667
6923,Joaquín Navarro Jiménez,1,2017_2018,2,188.5977833
6924,Alejandro Gálvez Jimena,1,2017_2018,2,188.88045
6925,Jairo Samperio Bustara,1,2017_2018,1,85.5102
6926,Alen Halilović,1,2017_2018,1,96.14991667
6927,David García Santana,1,2017_2018,1,10.63971667
6928,Pedro Taunausú Domínguez Placeres,1,2017_2018,2,173.8471667
6929,José Vicente Gómez Umpiérrez,1,2017_2018,2,84.8758
6930,Jonathan Calleri,1,2017_2018,2,188.5977833
6931,Leandro Chichizola,1,2017_2018,2,188.5977833
6932,Dani Castellano Betancor,1,2017_2018,1,75.10331667
7064,Lucas Ariel Boyé,1,2017_2018,1,10.75786667
7069,Miguel Ángel Moyà Rumbo,1,2017_2018,1,93.19543333
7105,Fabián Ariel Orellana Valenzuela,1,2017_2018,1,65.48278333
7577,Carles Planas Antolínez,1,2017_2018,1,48.09285
7578,Anthony Rubén Lozano Colón,1,2017_2018,1,93.14708333
7692,Mauricio Lemos Merladet,1,2017_2018,1,92.44786667
7914,Sulley Ali Muntari,1,2017_2018,1,9.5817
8099,Hernán Darío Toledo,1,2017_2018,1,14.75061667
8204,Borja Herrera González,1,2017_2018,1,92.44786667
8652,Jasper Cillessen,1,2017_2018,1,94.5085
10755,Jonathan Viera Ramos,1,2017_2018,1,92.44786667
10802,André Filipe Tavares Gomes,1,2017_2018,15,653.1862333
15805,Hernán Daniel Santana Trujillo,1,2017_2018,1,77.19521667
18616,Olarenwaju Ayoba Kayode,1,2017_2018,1,33.86281667
18867,Matías Nahuel Leiva Esquivel,1,2017_2018,1,71.23123333
19669,Osvaldo Nicolás Fabián Gaitán,1,2017_2018,1,35.79068333
19677,Karim Benzema,1,2017_2018,2,164.3420833
20055,Marc-André ter Stegen,1,2017_2018,35,3284.740717
20062,Juan José Narváez Solarte,1,2017_2018,1,67.72533333
2950,Jonas Martin,2,2016_2017,1,35.19743333
3023,Yuri Berchiche Izeta,2,2016_2017,2,190.0804667
3093,Florian Grégoire Claude Lejeune,2,2016_2017,2,187.3171
3130,Gaël Kakuta,2,2016_2017,1,22.43966667
3163,Mariano Díaz Mejía,2,2016_2017,1,7.493583333
3253,Adil Rami,2,2016_2017,1,93.21593333
3265,José Luis Sanmartín Mato,2,2016_2017,1,93.06071667
3269,Francisco Femenía Far,2,2016_2017,2,121.3334833
3362,Marlon Santos da Silva Barbosa,2,2016_2017,2,186.41815
3389,Eliaquim Mangala,2,2016_2017,2,140.9207833
3416,Gabriel Moisés Antunes da Silva,2,2016_2017,1,93.12533333
3434,Stevan Jovetić,2,2016_2017,1,17.08556667
3497,Vicente Iborra De La Fuente,2,2016_2017,2,90.79086667
3508,Sandro Ramírez Castillo,2,2016_2017,1,76.50096667
3601,Charly Musonda Junior,2,2016_2017,1,37.95775
3610,Roque Mesa Quevedo,2,2016_2017,2,185.3792833
3990,Jesé Rodríguez Ruiz,2,2016_2017,1,93.23948333
4320,Neymar da Silva Santos Junior,2,2016_2017,26,2381.595883
4353,Aymeric Laporte,2,2016_2017,2,187.2170667
4406,Aymen Abdennour,2,2016_2017,2,107.5326667
4498,Jean-Sylvain Claude Babin,2,2016_2017,1,93.4822
4691,Claudio Andrés Bravo Muñoz,2,2016_2017,1,93.1033
4741,Juan Rafael Fuentes Hernández,2,2016_2017,1,92.07428333
4909,Jeremie Boga,2,2016_2017,1,33.62961667
4926,Francisco Román Alarcón Suárez,2,2016_2017,1,65.5065
5199,Jorge Resurrección Merodio,2,2016_2017,2,187.22685
5200,Lucas Vázquez Iglesias,2,2016_2017,1,93.29505
5201,Sergio Ramos García,2,2016_2017,2,172.55875
5202,José Ignacio Fernández Iglesias,2,2016_2017,1,95.31186667
5203,Sergio Busquets i Burgos,2,2016_2017,29,2454.9664
5207,Cristiano Ronaldo dos Santos Aveiro,2,2016_2017,2,188.6069167
5211,Jordi Alba Ramos,2,2016_2017,23,1850.754933
5213,Gerard Piqué Bernabéu,2,2016_2017,22,1997.858033
5216,Andrés Iniesta Luján,2,2016_2017,21,1334.592
5217,Iago Aspas Juncal,2,2016_2017,1,93.13868333
5246,Luis Alberto Suárez Díaz,2,2016_2017,32,2714.533733
5249,Diego Roberto Godín Leal,2,2016_2017,2,187.22685
5456,Mateo Kovačić,2,2016_2017,2,109.3472833
5461,Šime Vrsaljko,2,2016_2017,1,94.09228333
5463,Luka Modrić,2,2016_2017,2,188.6069167
5470,Ivan Rakitić,2,2016_2017,30,2324.686083
5485,Raphaël Varane,2,2016_2017,1,93.29505
5487,Antoine Griezmann,2,2016_2017,2,187.22685
5492,Samuel Yves Umtiti,2,2016_2017,25,2220.878617
5503,Lionel Andrés Messi Cuccittini,2,2016_2017,34,2947.382767
5506,Javier Alejandro Mascherano,2,2016_2017,23,1820.375967
5516,Pione Sisto Ifolo Emirmija,2,2016_2017,1,42.17643333
5539,Carlos Henrique Casimiro,2,2016_2017,2,99.5546
5552,Marcelo Vieira da Silva Júnior,2,2016_2017,2,188.6069167
5560,Carlos Alberto Vela Garrido,2,2016_2017,2,158.2581167
5574,Toni Kroos,2,2016_2017,1,95.31186667
5577,Francisco Guillermo Ochoa Magaña,2,2016_2017,1,93.12533333
5582,Celso Borges Mora,2,2016_2017,2,186.58525
5597,Keylor Navas Gamboa,2,2016_2017,2,188.6069167
5633,Yannick Ferreira Carrasco,2,2016_2017,2,140.68395
5687,Takashi Inui,2,2016_2017,2,171.3440667
5695,James David Rodríguez Rubio,2,2016_2017,1,11.592
5718,Rodrigo Moreno Machado,2,2016_2017,1,72.76105
5719,Marco Asensio Willemsen,2,2016_2017,2,73.12648333
5721,Daniel Carvajal Ramos,2,2016_2017,2,188.6069167
5724,Fayçal Fajr,2,2016_2017,1,93.06071667
5725,Mehdi Carcela-González,2,2016_2017,1,93.12533333
5737,Steven N''Kemboanza Mike Christopher Nzonzi,2,2016_2017,2,185.5648833
5741,Enzo Nicolás Pérez,2,2016_2017,2,190.7021333
5742,Gabriel Iván Mercado,2,2016_2017,1,45.25563333
6038,John Guidetti,2,2016_2017,1,61.98436667
6320,Filipe Luís Kasmirski,2,2016_2017,2,187.22685
6357,Jonathan dos Santos Ramírez,2,2016_2017,2,188.29695
6375,Juan Francisco Torres Belén,2,2016_2017,1,93.13456667
6376,Stefan Savić,2,2016_2017,2,187.22685
6377,Ángel Martín Correa,2,2016_2017,2,56.36756667
6378,Jan Oblak,2,2016_2017,2,187.22685
6379,Sergi Roberto Carnicer,2,2016_2017,28,2116.21145
6381,Saúl Ñíguez Esclapez,2,2016_2017,2,152.9058167
6382,Fernando José Torres Sanz,2,2016_2017,2,60.48015
6383,Thomas Teye Partey,2,2016_2017,1,20.41268333
6384,Gabriel Fernández Arenas,2,2016_2017,2,187.22685
6386,Eneko Bóveda Altube,2,2016_2017,1,93.93551667
6388,Ander Iturraspe Derteano,2,2016_2017,2,156.1113333
6389,Mikel San José Domínguez,2,2016_2017,1,58.84158333
6390,Markel Susaeta Laskurain,2,2016_2017,1,76.20321667
6391,Raúl García Escudero,2,2016_2017,2,104.93915
6392,Íñigo Lekue Martínez,2,2016_2017,1,51.57606667
6393,Iñaki Williams Arthuer,2,2016_2017,2,187.2170667
6394,Aritz Aduriz Zubeldia,2,2016_2017,2,135.641
6396,Beñat Etxebarria Urkiaga,2,2016_2017,2,128.3754833
6399,Gareth Frank Bale,2,2016_2017,1,38.72778333
6400,Aleix Vidal Parreu,2,2016_2017,6,495.7614
6401,Kevin Gameiro,2,2016_2017,2,130.8303833
6402,Francisco Alcácer García,2,2016_2017,16,701.3156833
6557,Adrián González Morales,2,2016_2017,1,74.74416667
6559,Juan Carlos Pérez López,2,2016_2017,1,83.11436667
6561,Luis Hernández Rodríguez,2,2016_2017,1,94.39781667
6563,Juan Pablo Añor Acosta,2,2016_2017,1,66.30823333
6569,Roberto José Rosales Altuve,2,2016_2017,1,94.39781667
6571,Roberto Jiménez Gago,2,2016_2017,1,42.66578333
6576,Gorka Iraizoz Moreno,2,2016_2017,2,187.2170667
6580,José Luis García del Pozo,2,2016_2017,1,94.39781667
6581,Jonathan Rodríguez Menéndez,2,2016_2017,1,11.28345
6583,Carlos Soler Barragán,2,2016_2017,1,93.15546667
6584,Simone Zaza,2,2016_2017,1,19.58838333
6592,Rúben Miguel Nunes Vezo,2,2016_2017,1,93.12533333
6593,Martín Montoya Torralbo,2,2016_2017,2,140.2605167
6594,Santiago Mina Lorenzo,2,2016_2017,1,24.78561667
6595,Daniel Parejo Muñoz,2,2016_2017,2,190.7021333
6596,José Luis Gayà Peña,2,2016_2017,2,130.20385
6597,Gabriel Appelt Pires,2,2016_2017,2,188.2322
6598,Unai Bustinza Martínez,2,2016_2017,1,92.39108333
6599,Rubén Salvador Pérez Del Mármol,2,2016_2017,1,47.02458333
6601,Raúl García Carnero,2,2016_2017,2,100.5369833
6602,Miguel Ángel Guerrero Martín,2,2016_2017,1,95.84111667
6603,Dimitrios Siovas,2,2016_2017,1,86.4734
6605,Joseba Zaldúa Bengoetxea,2,2016_2017,1,94.96
6606,Javier Eraso Goñi,2,2016_2017,2,82.27791667
6607,Julián Omar Ramos Suárez,2,2016_2017,1,31.2802
6608,Nabil El Zhar,2,2016_2017,2,170.4477
6609,Denis Suárez Fernández,2,2016_2017,23,1129.035583
6610,Iván Cuéllar Sacristán,2,2016_2017,1,93.4822
6613,Rubén Sobrino Pozuelo,2,2016_2017,1,93.11415
6614,Alexis Ruano Delgado,2,2016_2017,2,187.2924
6615,Víctor Laguardia Cisneros,2,2016_2017,2,187.2924
6616,Munir El Haddadi Mohamed,2,2016_2017,3,146.5861667
6617,Ibai Gómez Pérez,2,2016_2017,1,78.64818333
6624,Jorge Franco Alviz,2,2016_2017,1,60.32576667
6628,Óscar David Romero Villamayor,2,2016_2017,1,36.2601
6629,Fernando Pacheco Flores,2,2016_2017,2,187.2924
6646,Riza Durmisi,2,2016_2017,2,187.3342833
6648,Aïssa Mandi,2,2016_2017,2,187.3342833
6649,Óscar de Marcos Arana,2,2016_2017,2,187.2170667
6654,Antonio Adán Garrido,2,2016_2017,2,187.3342833
6655,Fabián Ruiz Peña,2,2016_2017,1,33.54806667
6657,Sergio León Limones,2,2016_2017,2,166.0373
6659,Víctor Camarasa Ferrando,2,2016_2017,1,15.53006667
6662,Iago Herrerín Buisán,2,2016_2017,1,95.84111667
6665,Íñigo Martínez Berridi,2,2016_2017,2,190.0804667
6667,Mikel Vesga Arruti,2,2016_2017,2,47.34138333
6669,David Zurutuza Veillet,2,2016_2017,2,180.6569333
6671,Asier Illarramendi Andonegi,2,2016_2017,2,190.0804667
6673,Sergio Canales Madrazo,2,2016_2017,2,54.12598333
6675,Antonio Manuel Luna Rodríguez,2,2016_2017,1,82.47585
6685,Mikel Oyarzabal Ugarte,2,2016_2017,2,180.61495
6690,Xabier Prieto Argarate,2,2016_2017,2,167.7768333
6693,Raúl Rodríguez Navas,2,2016_2017,2,190.0804667
6694,Gerónimo Rulli,2,2016_2017,2,190.0804667
6695,Juan Miguel Jiménez López,2,2016_2017,1,19.1859
6697,Daniel Ceballos Fernández,2,2016_2017,2,152.13685
6699,Ander Capa Rodríguez,2,2016_2017,2,168.1160333
6700,Sergio Enrich Ametller,2,2016_2017,2,170.2345833
6702,David Rodríguez Lombán,2,2016_2017,1,93.12533333
6703,Christian Rivera Hernández,2,2016_2017,2,21.57453333
6704,Theo Bernard François Hernández,2,2016_2017,2,180.9336667
6707,Charles Días Barbosa de Oliveira,2,2016_2017,1,17.89685
6709,Anaitz Arbilla Zabala,2,2016_2017,1,93.17866667
6710,Rubén Peña Jiménez,2,2016_2017,2,83.16965
6711,Enrique García Martínez,2,2016_2017,1,93.17866667
6712,Gonzalo Escalante,2,2016_2017,2,177.40515
6713,Diego Javier Llorente Ríos,2,2016_2017,1,94.39781667
6714,Paulo Henrique Chagas de Lima,2,2016_2017,1,25.99725
6718,Sergio Escudero Palomo,2,2016_2017,2,185.5648833
6719,Franco Damián Vázquez,2,2016_2017,1,67.21868333
6720,Pablo Sarabia García,2,2016_2017,2,131.0047667
6721,Willian José da Silva,2,2016_2017,2,156.02565
6725,Zakaria Bakkali,2,2016_2017,1,8.00345
6727,Raúl Albentosa Redal,2,2016_2017,2,186.58525
6729,Guilherme dos Santos Torres,2,2016_2017,1,93.52453333
6731,Florin Andone,2,2016_2017,1,93.52453333
6733,Pedro Mosquera Parada,2,2016_2017,1,93.52453333
6734,Luis Carlos Correia Pinto,2,2016_2017,1,29.60703333
6735,Adrián López Álvarez,2,2016_2017,1,10.43098333
6738,Juan Francisco Moreno Fuertes,2,2016_2017,1,85.38041667
6744,Luciano Vietto,2,2016_2017,1,93.21593333
6751,Javier Fuego Martínez,2,2016_2017,2,176.2140667
6752,Víctor Ruíz Torre,2,2016_2017,1,94.65521667
6754,David López Silva,2,2016_2017,2,189.1667833
6755,Sergio Asenjo Andrés,2,2016_2017,1,94.65521667
6757,Aarón Martín Caricol,2,2016_2017,2,189.1667833
6758,Víctor Sánchez Mata,2,2016_2017,1,92.97085
6759,Roberto Soriano,2,2016_2017,2,154.8615667
6761,Leonardo Carrilho Baptistão,2,2016_2017,1,31.8795
6762,Álvaro González Soberón,2,2016_2017,2,102.0441
6763,Pablo Daniel Piatti,2,2016_2017,2,146.85555
6764,Pablo Fornals Malla,2,2016_2017,1,94.39781667
6765,Rodrigo Hernández Cascante,2,2016_2017,2,105.5239167
6766,Gerard Moreno Balaguero,2,2016_2017,2,189.1667833
6768,Diego López Rodríguez,2,2016_2017,2,146.501
6770,Esteban Félix Granero Molina,2,2016_2017,2,18.88905
6771,Manuel Trigueros Muñoz,2,2016_2017,2,188.29695
6772,Mario Gaspar Pérez Martínez,2,2016_2017,2,188.29695
6775,Daniel García Carrillo,2,2016_2017,2,187.3171
6776,David Juncà Reñé,2,2016_2017,1,93.17866667
6777,Sidnei Rechel da Silva Júnior,2,2016_2017,1,28.71448333
6779,Emre Çolak,2,2016_2017,2,88.14636667
6789,Mikel Balenziaga Oruesagasti,2,2016_2017,2,187.2170667
6791,Javier López Rodríguez,2,2016_2017,2,189.1667833
6794,Gustavo Daniel Cabral Cáceres,2,2016_2017,1,93.13868333
6796,Nemanja Radoja,2,2016_2017,1,93.13868333
6797,Daniel Wass,2,2016_2017,1,68.22403333
6800,Carles Gil de Pareja Vicent,2,2016_2017,1,61.5829
6802,Jonathan Castro Otto,2,2016_2017,1,93.13868333
6804,Sergi Gómez Solà,2,2016_2017,1,93.13868333
6805,Hugo Mallo Novegil,2,2016_2017,1,93.13868333
6822,Carlos Joaquín Correa,2,2016_2017,2,101.6551
6823,Sergio Rico González,2,2016_2017,2,185.5648833
6825,Daniel Filipe Martins Carriço,2,2016_2017,1,93.21593333
6826,Clément Lenglet,2,2016_2017,1,92.34895
6828,Jaume Vicent Costa Jordá,2,2016_2017,2,187.2881333
6829,Samuel Castillejo Azuaga,2,2016_2017,2,40.98203333
6830,Facundo Sebastián Roncaglia,2,2016_2017,1,93.13868333
6832,Rubén Castro Martín,2,2016_2017,2,187.3342833
6833,Martín Maximiliano Mantovani,2,2016_2017,1,95.84111667
6835,Alin Dorinel Toșca,2,2016_2017,1,94.23098333
6837,Mauro Javier Dos Santos,2,2016_2017,1,94.13843333
6838,Hernán Arsenio Pérez González,2,2016_2017,1,26.4839
6839,Daniel Alejandro Torres Rojas,2,2016_2017,2,187.2924
6840,Marcos Llorente Moreno,2,2016_2017,2,187.2924
6841,Víctor Machín Pérez,2,2016_2017,2,183.7048667
6842,Iker Muniain Goñi,2,2016_2017,2,111.01385
6844,Federico Ricca Rostagnol,2,2016_2017,1,94.39781667
6846,Andreas Hoelgebaum Pereira,2,2016_2017,1,59.49571667
6847,Adalberto Peñaranda Maestre,2,2016_2017,1,28.08958333
6849,Lucas Digne,2,2016_2017,15,1060.1393
6852,Jozabed Sánchez Ruiz,2,2016_2017,1,31.15431667
6856,Carlos Martín Vigaray,2,2016_2017,2,114.0352167
6859,Nicola Sansone,2,2016_2017,2,116.23585
6862,Cédric Bakambu,2,2016_2017,1,83.21075
6866,Marc Roca Junqué,2,2016_2017,1,12.95271667
6867,Papa Kouly Diop,2,2016_2017,1,96.19593333
6868,Bruno Alexandre Vilela Gama,2,2016_2017,2,134.53855
6869,Alejandro Arribas Garrido,2,2016_2017,2,157.8707667
6870,José Manuel Jurado Marín,2,2016_2017,2,189.1667833
6872,Bruno González Cabrera,2,2016_2017,1,93.1033
6875,Alexander Szymanowski,2,2016_2017,2,101.1787667
6877,Yeray Álvarez López,2,2016_2017,1,93.28155
6880,Arnaldo Antonio Sanabria Ayala,2,2016_2017,1,93.1033
6881,Christian Robert Santos Kwasniewski,2,2016_2017,1,93.11415
6883,Alexander Alegría Moreno,2,2016_2017,1,85.8971
6884,Sergio Álvarez Conde,2,2016_2017,1,93.13868333
6891,Ezequiel Marcelo Garay,2,2016_2017,2,190.7021333
6895,Diego Rico Salguero,2,2016_2017,2,188.2322
6899,Rubén Pardo Gutiérrez,2,2016_2017,1,70.05456667
6900,Rafael Jesús Navarro Mazuelos,2,2016_2017,1,8.003716667
6902,Óscar Melendo Jiménez,2,2016_2017,1,22.81903333
6903,Aleksandar Katai,2,2016_2017,1,56.85405
6906,Jon Bautista Orgilles,2,2016_2017,1,14.86891667
6907,Pedro León Sánchez Gil,2,2016_2017,2,120.1204833
6913,Fernando Navarro i Corbacho,2,2016_2017,2,186.58525
6914,Roberto Román Triguero,2,2016_2017,1,95.84111667
6922,Míchel Macedo Rocha Machado,2,2016_2017,2,185.3792833
6924,Alejandro Gálvez Jimena,2,2016_2017,1,17.08251667
6926,Alen Halilović,2,2016_2017,1,19.99215
6927,David García Santana,2,2016_2017,1,33.57913333
6928,Pedro Taunausú Domínguez Placeres,2,2016_2017,1,92.1398
6929,José Vicente Gómez Umpiérrez,2,2016_2017,1,63.14433333
6934,Jerónimo Figueroa Cabrera,2,2016_2017,1,73.24733333
6998,Rafael Alcântara do Nascimento,2,2016_2017,14,881.1171667
7005,João Pedro Cavaco Cancelo,2,2016_2017,2,182.6986833
7034,Mateo Pablo Musacchio,2,2016_2017,2,179.8945833
7105,Fabián Ariel Orellana Valenzuela,2,2016_2017,1,46.12108333
7161,Germán Alejandro Pezzella,2,2016_2017,2,187.3342833
7469,Salvatore Sirigu,2,2016_2017,1,92.07428333
7478,Alejandro Berenguer Remiro,2,2016_2017,1,93.94775
7692,Mauricio Lemos Merladet,2,2016_2017,2,185.3792833
7781,Felipe Salvador Caicedo Corozo,2,2016_2017,2,134.46825
7904,Javi Castellano Betancor,2,2016_2017,1,7.83775
7907,Pedro Bigas Rigo,2,2016_2017,1,93.23948333
7909,Nicolás Martín Pareja,2,2016_2017,1,92.34895
8234,Ignacio Camacho Barnola,2,2016_2017,1,94.39781667
8281,Luís Carlos Almeida da Cunha,2,2016_2017,1,97.54666667
8440,Aythami Artiles Oliva,2,2016_2017,1,58.56066667
8540,Kenan Kodro,2,2016_2017,2,43.36058333
8652,Jasper Cillessen,2,2016_2017,1,94.17825
8668,Kevin-Prince Boateng,2,2016_2017,2,185.3792833
8697,Andrés Eduardo Fernández Moreno,2,2016_2017,1,93.64173333
8724,Carlos Martínez Díez,2,2016_2017,1,95.12046667
9879,Jon Ander Serantes Simon,2,2016_2017,1,92.39108333
10488,Jon Miquel Toral Harper,2,2016_2017,1,75.73461667
10609,Jérémy Mathieu,2,2016_2017,10,798.5565167
10612,Yoel Rodríguez Oterino,2,2016_2017,2,187.3171
10753,Erik Morán Arribas,2,2016_2017,1,64.48646667
10755,Jonathan Viera Ramos,2,2016_2017,2,177.5415333
10802,André Filipe Tavares Gomes,2,2016_2017,26,1374.60205
11094,Arda Turan,2,2016_2017,15,1006.78805
11501,Darwin Daniel Machís Marcano,2,2016_2017,2,87.09783333
11634,Cristiano Piccini,2,2016_2017,1,94.23098333
11746,Unai López Cabrera,2,2016_2017,2,92.42113333
12789,Felipe Alejandro Gutiérrez Leiva,2,2016_2017,1,55.14555
13107,Sergio Álvarez Díaz,2,2016_2017,1,77.24655
13599,Carles Aleña Castillo,2,2016_2017,2,42.0164
13730,Matthieu Saunier,2,2016_2017,1,93.12533333
15805,Hernán Daniel Santana Trujillo,2,2016_2017,1,14.84213333
15893,Víctor Rodríguez Romero,2,2016_2017,1,47.08555
15955,Goran Čaušić,2,2016_2017,2,107.2156667
15959,Nenad Krstičić,2,2016_2017,1,45.03785
16000,Ryan Donk,2,2016_2017,1,24.17641667
16338,Uche Henry Agbo,2,2016_2017,1,93.12533333
16441,Ryan Guno Babel,2,2016_2017,1,36.85598333
16539,Diego Antonio Reyes Rosales,2,2016_2017,2,189.1667833
18160,Iván Márquez Álvarez,2,2016_2017,1,93.94775
18867,Matías Nahuel Leiva Esquivel,2,2016_2017,1,8.333883333
18904,Claudio Matías Kranevitter,2,2016_2017,1,47.09331667
18925,Ignacio Cases Mora,2,2016_2017,1,93.4822
19396,Lluis Sastre Reus,2,2016_2017,1,92.39108333
19677,Karim Benzema,2,2016_2017,2,160.4725167
20055,Marc-André ter Stegen,2,2016_2017,32,3001.887083
20253,Samir Nasri,2,2016_2017,2,122.9424167
21210,Mariano Ferreira Filho,2,2016_2017,2,185.5648833
21229,Sergi Samper Montaña,2,2016_2017,1,17.39071667
21399,Pablo Ínsua Blanco,2,2016_2017,2,101.7588
22041,Marko Livaja,2,2016_2017,1,17.53321667
22819,Bruno Soriano Llido,2,2016_2017,1,94.65521667
23488,Mario Suárez Mata,2,2016_2017,1,97.54666667
23747,Cristian Omar Espinoza,2,2016_2017,1,24.7555
23785,Théo Bongonda Mbul''Ofeko Batombo,2,2016_2017,1,50.96225
23800,Laureano Sanabria Ruiz,2,2016_2017,2,73.1877
23806,Alejandro Bergantiños García,2,2016_2017,1,93.06071667
23816,José Antonio Reyes Calderón,2,2016_2017,1,15.82733333
23821,Fausto Antonio Tienza Nuñez,2,2016_2017,1,92.07428333
23931,Francisco Mérida Pérez,2,2016_2017,1,78.80636667
23944,Oier Sanjurjo Mate,2,2016_2017,2,155.8574167
23946,Miguel Olavide Montes,2,2016_2017,1,20.19315
23947,Roberto Torres Morales,2,2016_2017,2,186.0220333
23948,Carlos Clerc Martínez,2,2016_2017,1,93.94775
23950,David García Zubiría,2,2016_2017,1,47.94015
23991,Miguel Ángel De las Cuevas Barberá,2,2016_2017,2,186.0220333
23995,Jaime Romero Gómez,2,2016_2017,1,71.88113333
24133,Víctor David Díaz Miguel,2,2016_2017,1,92.39108333
24144,Ángel Montoro Sánchez,2,2016_2017,1,78.39735
24162,Xavier Torres Buigues,2,2016_2017,1,93.4822
24173,Carlos Castro García,2,2016_2017,1,93.4822
24263,Ismael López Blanco,2,2016_2017,1,33.15643333
24313,Miguel Flaño Bezunartea,2,2016_2017,1,46.0076
24508,Manuel Castellano Castro,2,2016_2017,1,93.4822
24704,Alberto Martín Romo García Adámez,2,2016_2017,1,95.84111667
24872,Cecilio Nauzet Pérez González,2,2016_2017,1,93.94775
25134,Deyverson Brum Silva Acosta,2,2016_2017,1,94.17825
25144,Diego Alves Carreira,2,2016_2017,2,190.7021333
25351,Alexandre Rodrigues da Silva,2,2016_2017,1,75.22638333
25591,Juan Rodríguez Martínez,2,2016_2017,1,93.4822
25707,Francisco Manuel Rico Castro,2,2016_2017,1,19.39426667
26009,Roberto Soldado Rillo,2,2016_2017,1,72.0611
26103,Idriss Carlos Kameni,2,2016_2017,1,94.39781667
26248,David Barral Torres,2,2016_2017,1,21.8348
26387,Edgar Antonio Méndez Ortega,2,2016_2017,1,69.42275
26553,Mamadou Koné,2,2016_2017,1,92.39108333
26723,Álvaro Cejudo Carmona,2,2016_2017,1,93.1033
26753,Javier Varas Herrera,2,2016_2017,2,185.3792833
26776,Juan Isaac Cuenca López,2,2016_2017,1,93.12533333
27243,Oriol Riera Magem,2,2016_2017,1,70.5719
27305,Germán Darío Lux,2,2016_2017,2,186.58525
27318,Douglas Pereira dos Santos,2,2016_2017,1,46.39665
27341,Marcelo Alfonso Díaz Rojas,2,2016_2017,1,24.91465
27346,Petros Matheus dos Santos Araújo,2,2016_2017,2,145.7825
27558,Elderson Uwa Echiejile,2,2016_2017,1,93.4822
27563,Aitor Buñuel Redrado,2,2016_2017,1,92.07428333
27564,Jhon Stiven Mondragón Dosman,2,2016_2017,1,92.07428333
27565,Hélder Filipe Oliveira Lopes,2,2016_2017,2,185.3792833
27566,Cayetano Bartolomé Bonnín Vásquez,2,2016_2017,1,30.16461667
27567,Mateo Ezequiel García,2,2016_2017,1,28.99546667
27639,Artem Kravets,2,2016_2017,1,71.29053333
27656,Carl Medjani,2,2016_2017,1,45.3665